molecule_chembl_id,canonical_smiles,standard_value,target_id,target_name,bioactivity_class,standard_value_norm,pIC50,MW,LogP,NumHDonors,NumHAcceptors
CHEMBL455496,O=C(O)CCSc1nnc(SCCC(=O)O)s1,17000.0,CHEMBL5619,PIM1 kinase,inactive,17000.0,4.769551078621726,294.37899999999996,1.6717,2.0,7.0
CHEMBL460982,Cc1ccc2c(c1)c1nnc(SCc3ccc(CC(=O)O)cc3)nc1n2C(=O)O,15000.0,CHEMBL5619,PIM1 kinase,inactive,15000.0,4.823908740944319,408.43900000000014,3.7334200000000015,2.0,7.0
CHEMBL460563,O=C(O)CCn1c(=S)n(CCC(=O)O)c2ccccc21,15000.0,CHEMBL5619,PIM1 kinase,inactive,15000.0,4.823908740944319,294.332,2.1216899999999996,2.0,5.0
CHEMBL509657,O=C(O)Cn1c(=O)n(CC(=O)O)c2ccccc21,16000.0,CHEMBL5619,PIM1 kinase,inactive,16000.0,4.795880017344075,250.21,-0.02779999999999916,2.0,5.0
CHEMBL448958,Cc1oc(C(=O)O)cc1CSCC(C)C(=O)O,22000.0,CHEMBL5619,PIM1 kinase,inactive,22000.0,4.657577319177793,258.29499999999996,2.24012,2.0,4.0
CHEMBL512761,Cc1cc(C(=O)O)c(CSCc2cc(C(=O)O)oc2C)o1,20000.0,CHEMBL5619,PIM1 kinase,inactive,20000.0,4.698970004336019,310.32700000000006,3.3192400000000015,2.0,5.0
CHEMBL462261,O=C(O)CCCN1C(=O)/C(=C2/C(=O)N(CC(=O)O)c3ccccc32)SC1=S,12000.0,CHEMBL5619,PIM1 kinase,inactive,12000.0,4.920818753952375,406.4410000000001,1.554,2.0,6.0
CHEMBL460783,O=C(O)CC1OC(=O)c2cc3c(cc21)C(=O)OC3CC(=O)O,11000.0,CHEMBL5619,PIM1 kinase,inactive,11000.0,4.958607314841775,306.22600000000006,1.0590000000000002,2.0,6.0
CHEMBL448036,Cc1nc2ccc(C(=O)O)cc2c(O)c1CCC(=O)O,20000.0,CHEMBL5619,PIM1 kinase,inactive,20000.0,4.698970004336019,275.25999999999993,1.9642199999999999,3.0,4.0
CHEMBL460784,O=C(O)CSc1cc(-c2ccccc2)nc(SCC(=O)O)n1,19000.0,CHEMBL5619,PIM1 kinase,inactive,19000.0,4.721246399047171,336.3940000000001,2.497,2.0,6.0
CHEMBL510354,Cc1oc(C)c(C(=O)NCC(=O)O)c1C(=O)NCC(=O)O,26000.0,CHEMBL5619,PIM1 kinase,inactive,26000.0,4.585026652029182,298.251,-0.47475999999999924,4.0,5.0
CHEMBL510282,Nc1ncnc2[nH]c(SCCC(=O)O)nc12,20000.0,CHEMBL5619,PIM1 kinase,inactive,20000.0,4.698970004336019,239.25999999999996,0.5018999999999998,3.0,6.0
CHEMBL512261,Cc1ccc(-c2ccc(CCC(=O)O)n2CC(=O)O)cc1,12000.0,CHEMBL5619,PIM1 kinase,inactive,12000.0,4.920818753952375,287.31499999999994,2.56532,2.0,3.0
CHEMBL460347,O=C(O)c1ccc(Oc2ccc(S(=O)(=O)c3ccc(C(=O)O)c(C(=O)O)c3)cc2)cc1,10000.0,CHEMBL5619,PIM1 kinase,inactive,10000.0,5.0,442.4010000000002,3.4063000000000008,3.0,6.0
CHEMBL517107,O=C(O)CN1C(=O)/C(=C2/C(=O)N(CC(=O)O)c3ccccc32)SC1=S,13000.0,CHEMBL5619,PIM1 kinase,inactive,13000.0,4.886056647693163,378.38700000000006,0.7738,2.0,6.0
CHEMBL517857,O=C(O)CN1C(=O)/C(=C2\SC(=S)N(NC(=O)c3ccccc3O)C2=O)c2ccccc21,11000.0,CHEMBL5619,PIM1 kinase,inactive,11000.0,4.958607314841775,455.4730000000002,1.7397999999999996,3.0,7.0
CHEMBL447111,Cc1ccc(OCc2ccoc2C(=O)O)cc1C,11000.0,CHEMBL5619,PIM1 kinase,inactive,11000.0,4.958607314841775,246.262,3.1736400000000016,1.0,3.0
CHEMBL448841,O=C(O)c1oc2ccccc2c1CSc1ccccn1,27000.0,CHEMBL5619,PIM1 kinase,inactive,27000.0,4.568636235841013,285.32399999999996,3.8183000000000025,1.0,4.0
CHEMBL505863,Cc1oc(CSCC2CCCO2)cc1C(=O)O,16000.0,CHEMBL5619,PIM1 kinase,inactive,16000.0,4.795880017344075,256.3229999999999,2.6984200000000005,1.0,4.0
CHEMBL500760,O=C(O)CCNc1ccc(Br)cc1C(=O)O,32000.0,CHEMBL5619,PIM1 kinase,inactive,32000.0,4.494850021680094,288.097,2.0339,3.0,3.0
CHEMBL511379,O=C(O)CCC1(CCC(=O)O)c2ccccc2-c2ccccc21,50000.0,CHEMBL5619,PIM1 kinase,inactive,50000.0,4.301029995663981,310.34900000000005,3.6827000000000023,2.0,2.0
CHEMBL145352,O=C(Nc1cc(S(=O)(=O)O)cc2cc(S(=O)(=O)O)cc(O)c12)c1ccccc1,27000.0,CHEMBL5619,PIM1 kinase,inactive,27000.0,4.568636235841013,423.42400000000015,2.2911,4.0,6.0
CHEMBL468905,CC1([N+](=O)[O-])CN(CCC(=O)O)CN(CCC(=O)O)C1,50000.0,CHEMBL5619,PIM1 kinase,inactive,50000.0,4.301029995663981,289.288,-0.45369999999999777,2.0,6.0
CHEMBL469106,O=C(O)CCn1c(=O)[nH]c(=O)n(CCC(=O)O)c1=O,33000.0,CHEMBL5619,PIM1 kinase,inactive,33000.0,4.481486060122113,273.201,-2.3522999999999987,3.0,7.0
CHEMBL498855,O=C(O)CCS(=O)(=O)CCC(=O)O,40000.0,CHEMBL5619,PIM1 kinase,inactive,40000.0,4.3979400086720375,210.20699999999997,-0.6494,2.0,4.0
CHEMBL509918,O=C(O)CC[S+]([O-])CCC(=O)O,40000.0,CHEMBL5619,PIM1 kinase,inactive,40000.0,4.3979400086720375,194.20799999999997,-0.31550000000000017,2.0,3.0
CHEMBL500208,O=C(O)CSc1cccc(C(=O)O)c1,33000.0,CHEMBL5619,PIM1 kinase,inactive,33000.0,4.481486060122113,212.226,1.5615,2.0,3.0
CHEMBL468074,O=C(O)c1cccc(NC(=O)C2CCCCC2C(=O)O)c1,55000.0,CHEMBL5619,PIM1 kinase,inactive,55000.0,4.259637310505756,291.30299999999994,2.2142999999999997,3.0,3.0
CHEMBL467863,Cc1nc(N(CCC(=O)O)CCC(=O)O)sc1C(C)(C)C,60000.0,CHEMBL5619,PIM1 kinase,inactive,60000.0,4.221848749616356,314.4070000000001,2.5048200000000005,2.0,5.0
CHEMBL468072,O=C(O)CNS(=O)(=O)c1ccc2c(c1)C(=O)c1cc(S(=O)(=O)NCC(=O)O)ccc1-2,50000.0,CHEMBL5619,PIM1 kinase,inactive,50000.0,4.301029995663981,454.43800000000016,-0.37619999999999987,4.0,7.0
CHEMBL503504,Cc1oc(C(=O)O)cc1CSCc1cc(C(=O)O)oc1C,40000.0,CHEMBL5619,PIM1 kinase,inactive,40000.0,4.3979400086720375,310.327,3.3192400000000015,2.0,5.0
CHEMBL446487,O=C(O)CCC(=O)NC(Cc1ccccc1)C(=O)O,40000.0,CHEMBL5619,PIM1 kinase,inactive,40000.0,4.3979400086720375,265.265,0.6632999999999996,3.0,3.0
CHEMBL462689,COc1ccc(S(=O)(=O)N2CCC(C(=O)O)CC2)cc1C(=O)O,30000.0,CHEMBL5619,PIM1 kinase,inactive,30000.0,4.522878745280337,343.35700000000014,0.8787,2.0,5.0
CHEMBL442876,O=C(O)CCn1c(=O)oc2cc(S(=O)(=O)O)ccc21,80000.0,CHEMBL5619,PIM1 kinase,inactive,80000.0,4.096910013008056,287.249,0.31590000000000024,2.0,6.0
CHEMBL461633,O=C(O)CC(CC(=O)Nc1nnn[nH]1)c1ccccc1,30000.0,CHEMBL5619,PIM1 kinase,inactive,30000.0,4.522878745280337,275.26800000000003,0.7867999999999994,3.0,5.0
CHEMBL461842,O=C(O)CCc1nc2cc(C(=O)O)ccc2[nH]1,80000.0,CHEMBL5619,PIM1 kinase,inactive,80000.0,4.096910013008056,234.211,1.2783,3.0,3.0
CHEMBL462049,O=C(O)c1cccc(S(=O)(=O)N2CCCC(c3nc(O)c4nnn(Cc5ccc(F)cc5)c4n3)C2)c1,33000.0,CHEMBL5619,PIM1 kinase,inactive,33000.0,4.481486060122113,512.5230000000003,2.3808000000000007,2.0,9.0
CHEMBL460570,O=C(O)c1cccc(S(=O)(=O)N2CCCC(c3nc(O)c4nnn(Cc5ccccc5Cl)c4n3)C2)c1,87000.0,CHEMBL5619,PIM1 kinase,inactive,87000.0,4.060480747381382,528.9780000000001,2.895100000000001,2.0,9.0
CHEMBL460571,CN(C)c1ccc(-c2noc(C3CCN(S(=O)(=O)c4cccc(C(=O)O)c4)CC3)n2)cc1,40000.0,CHEMBL5619,PIM1 kinase,inactive,40000.0,4.3979400086720375,456.52400000000017,3.0691000000000006,1.0,7.0
CHEMBL512214,CCc1nnc(NS(=O)(=O)c2ccc(NC(=O)CCC(=O)O)cc2)s1,80000.0,CHEMBL5619,PIM1 kinase,inactive,80000.0,4.096910013008056,384.43900000000014,1.7046000000000001,3.0,7.0
CHEMBL461841,C/C(CCc1ccc2c(c1)OCO2)=N\N=C1/NC(=O)CC(C(=O)O)S1,50000.0,CHEMBL5619,PIM1 kinase,inactive,50000.0,4.301029995663981,363.3950000000001,1.7861,2.0,7.0
CHEMBL450862,O=C(O)c1cccc(S(=O)(=O)N2CCS(=O)(=O)CC2)c1,80000.0,CHEMBL5619,PIM1 kinase,inactive,80000.0,4.096910013008056,319.36000000000007,-0.19609999999999972,1.0,5.0
CHEMBL468073,O=C(O)CCS(=O)(=O)c1cccc2c(S(=O)(=O)CCC(=O)O)cccc12,35000.0,CHEMBL5619,PIM1 kinase,inactive,35000.0,4.455931955649724,400.43000000000023,1.3365999999999998,2.0,6.0
CHEMBL467237,O=C(O)c1ccccc1C(=O)NCc1ccc(CNC(=O)c2ccccc2C(=O)O)cc1,30000.0,CHEMBL5619,PIM1 kinase,inactive,30000.0,4.522878745280337,432.43200000000013,2.9430000000000005,4.0,4.0
CHEMBL467238,Nc1ccc(-c2ccc(N)c(S(=O)(=O)O)c2)cc1S(=O)(=O)O,100000.0,CHEMBL5619,PIM1 kinase,inactive,100000.0,4.0,344.37000000000006,1.0114,4.0,6.0
CHEMBL467239,O=S(=O)(O)CCSc1nnc(SCCS(=O)(=O)O)s1,100000.0,CHEMBL5619,PIM1 kinase,inactive,100000.0,4.0,366.48900000000003,0.4979000000000004,2.0,9.0
CHEMBL453929,O=S(=O)(O)c1cc(O)c2c(S(=O)(=O)O)cc(S(=O)(=O)O)cc2c1,100000.0,CHEMBL5619,PIM1 kinase,inactive,100000.0,4.0,384.36500000000007,0.2855000000000002,4.0,7.0
CHEMBL500986,CCOC(=O)C(CCc1nn[nH]n1)(CCc1nn[nH]n1)C(=O)OCC,100000.0,CHEMBL5619,PIM1 kinase,inactive,100000.0,4.0,352.35500000000013,-0.6091999999999989,2.0,10.0
CHEMBL541931,O=S(=O)(O)CCCSc1sc2ccccc2[n+]1CCCS(=O)(=O)O.[Cl-],100000.0,CHEMBL5619,PIM1 kinase,inactive,100000.0,4.0,448.00900000000024,-1.1592999999999976,2.0,6.0
CHEMBL469118,O=P(O)(O)c1ccccc1OCCOc1ccccc1P(=O)(O)O,100000.0,CHEMBL5619,PIM1 kinase,inactive,100000.0,4.0,374.222,0.7503999999999995,4.0,4.0
CHEMBL466002,O=S(=O)(O)c1ccccc1Nc1ccnc(Nc2ccccc2S(=O)(=O)O)n1,100000.0,CHEMBL5619,PIM1 kinase,inactive,100000.0,4.0,422.44400000000013,2.4572000000000003,4.0,8.0
CHEMBL511372,Cc1cc(C(=O)O)c(CSCc2cc(C(=O)O)c(C)o2)o1,100000.0,CHEMBL5619,PIM1 kinase,inactive,100000.0,4.0,310.32700000000006,3.3192400000000015,2.0,5.0
CHEMBL466003,O=C(O)CCC1(CCC(=O)O)CCCCC1=O,100000.0,CHEMBL5619,PIM1 kinase,inactive,100000.0,4.0,242.27099999999996,1.8455000000000001,2.0,3.0
CHEMBL461634,COc1cc(-c2nn[nH]n2)ccc1OCC(=O)O,100000.0,CHEMBL5619,PIM1 kinase,inactive,100000.0,4.0,250.214,0.3386999999999998,2.0,6.0
CHEMBL508178,O=S(=O)(c1cc(S(=O)(=O)N2CCOCC2)c2n[n+]3c4cc(S(=O)(=O)N5CCOCC5)cc(S(=O)(=O)N5CCOCC5)c4[n-]n3c2c1)N1CCOCC1,100000.0,CHEMBL5619,PIM1 kinase,inactive,100000.0,4.0,804.9079999999996,-2.73299999999999,0.0,14.0
CHEMBL461635,CCOC(=O)c1cnc(SC(C)C(=O)O)nc1N,100000.0,CHEMBL5619,PIM1 kinase,inactive,100000.0,4.0,271.298,0.8007,2.0,7.0
CHEMBL461839,CCS(=O)(=O)N1CCN(S(=O)(=O)c2ccc(C(=O)O)cc2)CC1,100000.0,CHEMBL5619,PIM1 kinase,inactive,100000.0,4.0,362.42900000000014,0.04080000000000106,1.0,5.0
CHEMBL512048,Cc1nc(NC(=O)c2ccco2)sc1C(=O)O,100000.0,CHEMBL5619,PIM1 kinase,inactive,100000.0,4.0,252.25099999999998,1.99502,2.0,5.0
CHEMBL511180,CN(c1ccc(C(=O)O)cc1)S(=O)(=O)c1cccs1,100000.0,CHEMBL5619,PIM1 kinase,inactive,100000.0,4.0,297.35699999999997,2.2714000000000008,1.0,4.0
CHEMBL460572,O=C(CCc1nc(-c2ccc(Cl)cc2)no1)Nc1nnn[nH]1,100000.0,CHEMBL5619,PIM1 kinase,inactive,100000.0,4.0,319.71200000000005,1.4743999999999993,2.0,7.0
CHEMBL459300,O=C(CN1C(=O)c2ccccc2S1(=O)=O)Nc1ccc(Cl)c(C(=O)O)c1,100000.0,CHEMBL5619,PIM1 kinase,inactive,100000.0,4.0,394.7920000000001,1.8214000000000004,2.0,5.0
CHEMBL448408,CCNC(=O)c1cc(S(=O)(=O)NCc2ccc(C(=O)O)cc2)c(C)s1,100000.0,CHEMBL5619,PIM1 kinase,inactive,100000.0,4.0,382.4630000000001,1.98292,3.0,5.0
CHEMBL459301,CCNC(=O)c1cc(S(=O)(=O)NCCC(=O)O)c(C)s1,100000.0,CHEMBL5619,PIM1 kinase,inactive,100000.0,4.0,320.392,0.55922,3.0,5.0
CHEMBL502103,CS(=O)(=O)Nc1nc(CC(=O)O)cs1,100000.0,CHEMBL5619,PIM1 kinase,inactive,100000.0,4.0,236.274,0.14169999999999966,2.0,5.0
CHEMBL459302,O=C(O)c1cccc(NS(=O)(=O)c2cccc3nsnc23)c1,100000.0,CHEMBL5619,PIM1 kinase,inactive,100000.0,4.0,335.366,2.1902999999999997,2.0,6.0
CHEMBL462051,COc1ccc(NS(=O)(=O)c2ccc(NC(=O)c3ccccc3C(=O)O)cc2)nn1,100000.0,CHEMBL5619,PIM1 kinase,inactive,100000.0,4.0,428.4260000000001,2.2364999999999995,3.0,7.0
CHEMBL466004,COc1ccc(/C=C/C(=O)O)cc1S(=O)(=O)NCc1cccnc1,100000.0,CHEMBL5619,PIM1 kinase,inactive,100000.0,4.0,348.38000000000005,1.6664999999999999,2.0,5.0
CHEMBL447958,O=C(O)CCCNc1n[nH]c(=O)[nH]c1=O,100000.0,CHEMBL5619,PIM1 kinase,inactive,100000.0,4.0,214.181,-1.2650999999999997,4.0,5.0
CHEMBL460593,O=C(O)CNC(=O)c1cc(=O)[nH]c(=O)[nH]1,100000.0,CHEMBL5619,PIM1 kinase,inactive,100000.0,4.0,213.149,-2.1224,4.0,4.0
CHEMBL460801,O=C(O)c1ccc(NS(=O)(=O)c2cccs2)cc1,100000.0,CHEMBL5619,PIM1 kinase,inactive,100000.0,4.0,283.33,2.2471000000000005,2.0,4.0
CHEMBL516484,O=C(O)c1cccc(Nc2nc3ccccc3nc2NS(=O)(=O)c2cccc([N+](=O)[O-])c2)c1,100000.0,CHEMBL5619,PIM1 kinase,inactive,100000.0,4.0,465.4470000000002,3.7806000000000015,3.0,8.0
CHEMBL460802,O=S(=O)(O)CC(O)CSc1nc2ccccc2s1,100000.0,CHEMBL5619,PIM1 kinase,inactive,100000.0,4.0,305.402,1.6371,2.0,6.0
CHEMBL475281,O=C(O)CSC1CCS(=O)(=O)C1,100000.0,CHEMBL5619,PIM1 kinase,inactive,100000.0,4.0,210.27599999999998,-0.00869999999999993,1.0,4.0
CHEMBL466206,O=C(O)CSc1ccc(C(=O)O)cc1[N+](=O)[O-],100000.0,CHEMBL5619,PIM1 kinase,inactive,100000.0,4.0,257.223,1.4697,2.0,5.0
CHEMBL447590,O=C(O)CNC1CS(=O)(=O)CC1O,100000.0,CHEMBL5619,PIM1 kinase,inactive,100000.0,4.0,209.22299999999998,-2.1814999999999984,3.0,5.0
CHEMBL461009,C=CCN1C(=S)S/C(=C/C=C2\Sc3ccccc3N2CCCS(=O)(=O)O)C1=S,100000.0,CHEMBL5619,PIM1 kinase,inactive,100000.0,4.0,470.6880000000003,4.449000000000004,1.0,7.0
CHEMBL505114,O=C(O)CC1S/C(=N/N=C/c2ccco2)NC1=O,100000.0,CHEMBL5619,PIM1 kinase,inactive,100000.0,4.0,267.266,0.6758000000000002,2.0,6.0
CHEMBL460803,CC1(C)C(C(=O)O)N2C(=O)C(NC(=O)C(C(=O)O)c3ccccc3)C2[S+]1[O-],100000.0,CHEMBL5619,PIM1 kinase,inactive,100000.0,4.0,394.4050000000001,-0.49799999999999756,3.0,5.0
CHEMBL460804,NC(=O)CSc1nc2ccc(NC(=O)c3ccccc3C(=O)O)cc2s1,27000.0,CHEMBL5619,PIM1 kinase,inactive,27000.0,4.568636235841013,387.4420000000001,2.824200000000001,3.0,6.0
CHEMBL460353,Cc1ccccc1NC(=O)c1cccc(NC(=O)CCC(=O)O)c1,35000.0,CHEMBL5619,PIM1 kinase,inactive,35000.0,4.455931955649724,326.3520000000001,3.0506200000000003,3.0,3.0
CHEMBL460354,O=[N+]([O-])c1ccccc1-c1nnc(CSc2nnc(-c3ccccc3O)o2)o1,100000.0,CHEMBL5619,PIM1 kinase,inactive,100000.0,4.0,397.3720000000001,3.6927000000000016,1.0,10.0
CHEMBL462696,O=[N+]([O-])c1ccccc1-c1nnc(CSc2nc(-c3ccccc3O)n[nH]2)o1,100000.0,CHEMBL5619,PIM1 kinase,inactive,100000.0,4.0,396.3880000000001,3.4278000000000026,2.0,9.0
CHEMBL518673,N#C/C(=C\c1ccc(-c2ccccc2[N+](=O)[O-])o1)S(=O)(=O)c1ccccc1,100000.0,CHEMBL5619,PIM1 kinase,inactive,100000.0,4.0,380.3810000000001,4.1931800000000035,0.0,6.0
CHEMBL461208,CCc1cc2c(=O)c(-c3nc4ccccc4s3)c(C)oc2cc1OS(C)(=O)=O,100000.0,CHEMBL5619,PIM1 kinase,inactive,100000.0,4.0,415.4920000000002,4.278920000000003,0.0,7.0
CHEMBL518188,O=C(Nc1ccccc1O)c1cc(S(=O)(=O)N2CCCCCC2)ccc1Cl,100000.0,CHEMBL5619,PIM1 kinase,inactive,100000.0,4.0,408.90700000000027,3.862600000000003,2.0,4.0
CHEMBL461209,O=C(Nc1ccccc1O)c1cccc(S(=O)(=O)N2CCCC2)c1,100000.0,CHEMBL5619,PIM1 kinase,inactive,100000.0,4.0,346.4080000000002,2.4290000000000003,2.0,4.0
CHEMBL461424,O=S(=O)(NCc1ccccc1)c1ccc(S(=O)(=O)N(Cc2ccc(Cl)cc2)Cc2ccco2)cc1,100000.0,CHEMBL5619,PIM1 kinase,inactive,100000.0,4.0,531.0550000000004,4.802600000000004,1.0,5.0
CHEMBL518634,COc1ccccc1C(=O)NCC(C)(C)CNC1=NS(=O)(=O)c2ccccc21,100000.0,CHEMBL5619,PIM1 kinase,inactive,100000.0,4.0,401.48800000000006,2.1898999999999997,2.0,5.0
CHEMBL461010,O=S(=O)(Nc1ccc(NS(=O)(=O)c2cccs2)cc1)c1cccs1,100000.0,CHEMBL5619,PIM1 kinase,inactive,100000.0,4.0,400.5280000000001,3.411200000000002,2.0,6.0
CHEMBL459744,Cc1ccc(S(=O)(=O)CCc2nnc(NC(=O)CC3CC4CCC3C4)s2)cc1,100000.0,CHEMBL5619,PIM1 kinase,inactive,100000.0,4.0,419.57200000000023,3.6277200000000027,1.0,6.0
CHEMBL459529,CCN(CC)S(=O)(=O)c1ccc(OC)c(NC(=O)C2CCCO2)c1,100000.0,CHEMBL5619,PIM1 kinase,inactive,100000.0,4.0,356.4440000000002,1.8431999999999995,1.0,5.0
CHEMBL459743,CC(C)(C)NS(=O)(=O)c1ccc2oc3ccc(S(=O)(=O)NC(C)(C)C)cc3c2c1,100000.0,CHEMBL5619,PIM1 kinase,inactive,100000.0,4.0,438.5710000000002,3.739600000000002,2.0,5.0
CHEMBL516778,Cc1ccc(-c2nnc3c4ccccc4c(C)nn23)cc1S(=O)(=O)N1CCOCC1,100000.0,CHEMBL5619,PIM1 kinase,inactive,100000.0,4.0,423.49800000000033,2.5822400000000005,0.0,7.0
CHEMBL452994,COC(=O)COc1ccc(S(=O)(=O)N2CCCCC2)cc1C,100000.0,CHEMBL5619,PIM1 kinase,inactive,100000.0,4.0,327.40200000000016,1.7214199999999997,0.0,5.0
CHEMBL467217,COC(=O)C1C(=O)C2=C(CC1C)NC(C)=C(C(=O)OC1CCCC1)C2c1ccccc1C,100000.0,CHEMBL5619,PIM1 kinase,inactive,100000.0,4.0,437.5360000000003,4.093820000000003,1.0,6.0
CHEMBL511913,O=C(Cn1cc(C(=O)c2ccco2)c2ccccc21)NCc1cccnc1,100000.0,CHEMBL5619,PIM1 kinase,inactive,100000.0,4.0,359.38500000000005,3.176700000000001,1.0,5.0
CHEMBL467423,COC(=O)C1C(=O)c2c([nH]c(C(=O)OC3CCCCC3)c2C)CC1C,100000.0,CHEMBL5619,PIM1 kinase,inactive,100000.0,4.0,347.4110000000001,2.976720000000001,1.0,5.0
CHEMBL448847,COC(=O)C1C(=O)c2c([nH]c(C(=O)OCC3CCCO3)c2C)CC1C,100000.0,CHEMBL5619,PIM1 kinase,inactive,100000.0,4.0,349.3830000000001,1.8230199999999992,1.0,6.0
CHEMBL448142,Cc1cc(S(=O)(=O)N2CCOCC2)ccc1OCC(=O)N1CCCC1,100000.0,CHEMBL5619,PIM1 kinase,inactive,100000.0,4.0,368.4550000000002,1.0171199999999998,0.0,5.0
CHEMBL460993,C=CCn1c(Cc2ccccc2)nnc1SCC(=O)Nc1nnc(C)s1,100000.0,CHEMBL5619,PIM1 kinase,inactive,100000.0,4.0,386.5060000000001,2.945620000000001,1.0,8.0
CHEMBL460994,CCN(CC)S(=O)(=O)c1cccc(C(=O)Nc2ccccc2C(=O)O)c1,100000.0,CHEMBL5619,PIM1 kinase,inactive,100000.0,4.0,376.4340000000001,2.6676,2.0,4.0
CHEMBL460995,Cc1c(OS(=O)(=O)c2ccccc2)cccc1OS(=O)(=O)c1ccccc1,100000.0,CHEMBL5619,PIM1 kinase,inactive,100000.0,4.0,404.46500000000015,3.530420000000002,0.0,6.0
CHEMBL459939,C=CCN1C(=O)C(Cc2ccccc2)S/C1=N/c1ccc(C(=O)O)cc1,100000.0,CHEMBL5619,PIM1 kinase,inactive,100000.0,4.0,366.4420000000001,3.745000000000002,1.0,4.0
CHEMBL517101,O=C(Nc1nnc(CCS(=O)(=O)c2ccc3ccccc3c2)s1)c1ccccc1,100000.0,CHEMBL5619,PIM1 kinase,inactive,100000.0,4.0,423.5190000000001,3.9600000000000026,1.0,6.0
CHEMBL459940,O=C(Nc1nnc(CCS(=O)(=O)c2ccc3ccccc3c2)s1)c1ccccc1Cl,100000.0,CHEMBL5619,PIM1 kinase,inactive,100000.0,4.0,457.96400000000017,4.613400000000003,1.0,6.0
CHEMBL461852,O=C(Nc1ccccc1O)c1cc(S(=O)(=O)N2CCCCC2)ccc1Cl,100000.0,CHEMBL5619,PIM1 kinase,inactive,100000.0,4.0,394.8800000000002,3.472500000000003,2.0,4.0
CHEMBL462059,CCN(c1ccc(C(O)(C(=O)OC)C(F)(F)F)cc1)S(=O)(=O)c1ccc(C)cc1,100000.0,CHEMBL5619,PIM1 kinase,inactive,100000.0,4.0,431.4320000000001,3.1331200000000017,1.0,5.0
CHEMBL448868,COc1ccc(/C=C/C(=O)O)cc1S(=O)(=O)NC1CCS(=O)(=O)C1,100000.0,CHEMBL5619,PIM1 kinase,inactive,100000.0,4.0,375.42400000000015,0.2584000000000002,2.0,6.0
CHEMBL466178,CCC(=O)N(Cc1ccc(S(N)(=O)=O)cc1)C1CC(=O)N(c2ccccc2)C1=O,100000.0,CHEMBL5619,PIM1 kinase,inactive,100000.0,4.0,415.4710000000002,1.4046999999999994,1.0,5.0
CHEMBL466179,CCOC(=O)C(=Cc1c[nH]c2ccc(S(=O)(=O)N(C)C)cc12)C(=O)OCC,100000.0,CHEMBL5619,PIM1 kinase,inactive,100000.0,4.0,394.4490000000002,1.9278000000000002,1.0,6.0
CHEMBL511207,C(=C/CSc1nnnn1-c1ccccc1)\CSc1nnnn1-c1ccccc1,100000.0,CHEMBL5619,PIM1 kinase,inactive,100000.0,4.0,408.5160000000001,3.0786000000000016,0.0,10.0
CHEMBL468471,CCc1nnc(NC(=O)c2cc(S(=O)(=O)N(CC)CC)ccc2Cl)s1,100000.0,CHEMBL5619,PIM1 kinase,inactive,100000.0,4.0,402.9290000000001,3.0367000000000015,1.0,6.0
CHEMBL468683,COc1cc(C=C2C(=O)OC3(CCCC3)OC2=O)cc(I)c1OCc1ccccc1C#N,100000.0,CHEMBL5619,PIM1 kinase,inactive,100000.0,4.0,545.329,4.504180000000004,0.0,7.0
CHEMBL513348,CN(NC(=O)COc1ccccc1)C1=NS(=O)(=O)c2ccccc21,100000.0,CHEMBL5619,PIM1 kinase,inactive,100000.0,4.0,345.3800000000001,1.177499999999999,1.0,5.0
CHEMBL468890,CCN1/C(=C2/SC(=S)N(NC(C)=O)C2=O)Sc2ccc(S(=O)(=O)C(F)(F)F)cc21,100000.0,CHEMBL5619,PIM1 kinase,inactive,100000.0,4.0,483.54000000000013,2.9926000000000013,1.0,8.0
CHEMBL468891,Cc1cc(NC(=O)CCC(=O)O)ccc1NC(=O)c1cccs1,100000.0,CHEMBL5619,PIM1 kinase,inactive,100000.0,4.0,332.38100000000003,3.112120000000001,3.0,4.0
CHEMBL467848,CN(c1ccc(C(=O)Nc2ccc(F)cc2)cc1)S(=O)(=O)c1ccccc1,100000.0,CHEMBL5619,PIM1 kinase,inactive,100000.0,4.0,384.4320000000001,3.903100000000002,1.0,3.0
CHEMBL459727,Cc1ccc(S(=O)(=O)Nc2ccc(NC(=O)CN3CCCCC3)c(Cl)c2)cc1,100000.0,CHEMBL5619,PIM1 kinase,inactive,100000.0,4.0,421.9500000000003,3.8736200000000034,2.0,4.0
CHEMBL459728,Cc1cc(C)nc(SCc2nnc(SCC(=O)N3CCCCC3)n2-c2ccccc2)n1,100000.0,CHEMBL5619,PIM1 kinase,inactive,100000.0,4.0,454.6250000000003,4.071040000000003,0.0,8.0
CHEMBL459938,CCCCOC(=O)c1ccc(NC(=O)CSc2nnnn2CC)cc1,100000.0,CHEMBL5619,PIM1 kinase,inactive,100000.0,4.0,363.44300000000004,2.3807,1.0,8.0
CHEMBL512561,C=CCSc1nnc(-c2ccc(NS(C)(=O)=O)cc2)n1C,100000.0,CHEMBL5619,PIM1 kinase,inactive,100000.0,4.0,324.43100000000004,2.1317000000000004,1.0,6.0
CHEMBL452114,Cn1c(SCC(N)=O)nnc1-c1ccc(NS(C)(=O)=O)cc1,100000.0,CHEMBL5619,PIM1 kinase,inactive,100000.0,4.0,341.4180000000001,0.4309999999999992,2.0,7.0
CHEMBL504860,COC(=O)CSc1nnc(-c2ccc(NS(C)(=O)=O)cc2)n1C,100000.0,CHEMBL5619,PIM1 kinase,inactive,100000.0,4.0,356.42900000000014,1.1187,1.0,8.0
CHEMBL518027,NC(=O)CSc1nnc(-c2ccc(S(=O)(=O)N3CCCCC3)cc2)n1Cc1ccccc1,100000.0,CHEMBL5619,PIM1 kinase,inactive,100000.0,4.0,471.60800000000035,2.745400000000001,1.0,7.0
CHEMBL460792,O=C(O)CSc1nnc(-c2ccc(S(=O)(=O)N3CCOCC3)cc2)n1Cc1ccco1,100000.0,CHEMBL5619,PIM1 kinase,inactive,100000.0,4.0,464.5250000000003,1.7839999999999991,1.0,9.0
CHEMBL506724,CCn1c(SCC(=O)c2cccs2)nnc1-c1ccc(NS(C)(=O)=O)cc1,100000.0,CHEMBL5619,PIM1 kinase,inactive,100000.0,4.0,422.55700000000013,3.373000000000001,1.0,8.0
CHEMBL467849,CC1CCCCC1N(Cc1ccccc1F)S(=O)(=O)c1ccc(S(=O)(=O)N(C)C)cc1,100000.0,CHEMBL5619,PIM1 kinase,inactive,100000.0,4.0,468.6160000000002,3.8456000000000037,0.0,4.0
CHEMBL512985,COc1cc(S(=O)(=O)N(Cc2cccnc2)Cc2ccccc2Cl)ccc1-n1cnnn1,100000.0,CHEMBL5619,PIM1 kinase,inactive,100000.0,4.0,470.94200000000006,3.110400000000001,0.0,8.0
CHEMBL468059,COc1cc(S(=O)(=O)N(Cc2ccc(Br)cc2)Cc2ccco2)ccc1-n1cnnn1,100000.0,CHEMBL5619,PIM1 kinase,inactive,100000.0,4.0,504.36600000000016,3.417500000000002,0.0,8.0
CHEMBL513144,Cc1cc(S(=O)(=O)NC2CCCC2)ccc1-n1cnnn1,100000.0,CHEMBL5619,PIM1 kinase,inactive,100000.0,4.0,307.37899999999996,1.19162,1.0,6.0
CHEMBL511935,CCOc1cc(-n2cnnn2)c(OCC)cc1NC(=O)c1cc2cccc(OC)c2oc1=O,100000.0,CHEMBL5619,PIM1 kinase,inactive,100000.0,4.0,451.43900000000025,2.827000000000001,1.0,10.0
CHEMBL468480,CCOc1cc(S(=O)(=O)NCc2ccc3c(c2)OCO3)c(OCC)cc1-n1cnnn1,100000.0,CHEMBL5619,PIM1 kinase,inactive,100000.0,4.0,447.47300000000024,1.6668999999999996,1.0,10.0
CHEMBL468481,COc1cc(S(=O)(=O)NC2CCCCC2C)ccc1-n1cnnn1,100000.0,CHEMBL5619,PIM1 kinase,inactive,100000.0,4.0,351.432,1.5278999999999998,1.0,7.0
CHEMBL468691,O=C(CN(Cc1cccs1)S(=O)(=O)c1ccc(S(=O)(=O)NC2CC2)cc1)Nc1ccccc1,100000.0,CHEMBL5619,PIM1 kinase,inactive,100000.0,4.0,505.64300000000014,3.0184000000000006,2.0,6.0
CHEMBL461850,CC1CCc2c(sc3nc(C4CC4)n4c(SCC(=O)Nc5nccs5)nnc4c23)C1,100000.0,CHEMBL5619,PIM1 kinase,inactive,100000.0,4.0,456.6220000000002,4.528500000000003,1.0,9.0
CHEMBL461851,Cc1ccc(S(=O)(=O)CCc2nnc(NC(=O)CCc3ccccc3)s2)cc1,100000.0,CHEMBL5619,PIM1 kinase,inactive,100000.0,4.0,415.54000000000013,3.4342200000000025,1.0,6.0
CHEMBL517894,CS(=O)(=O)NCc1nnc(SCC(=O)N2CCCCCC2)n1-c1ccc(F)cc1,100000.0,CHEMBL5619,PIM1 kinase,inactive,100000.0,4.0,441.5540000000003,1.9502999999999988,1.0,7.0
CHEMBL517260,CC(C)c1nnc(NC(=O)C2CCCN2S(=O)(=O)c2ccc(F)cc2)s1,100000.0,CHEMBL5619,PIM1 kinase,inactive,100000.0,4.0,398.48500000000007,2.5924000000000005,1.0,6.0
CHEMBL518797,Cc1ccc(Cn2nnc3c(O)nc(C4CCCN(S(=O)(=O)c5ccccc5)C4)nc32)cc1,100000.0,CHEMBL5619,PIM1 kinase,inactive,100000.0,4.0,464.55100000000016,2.8519200000000016,1.0,8.0
CHEMBL459310,O=S(=O)(c1ccc(F)cc1)N1CCCC(c2nc(O)c3nnn(Cc4ccc(F)cc4)c3n2)C1,100000.0,CHEMBL5619,PIM1 kinase,inactive,100000.0,4.0,486.5040000000002,2.8217000000000017,1.0,8.0
CHEMBL459311,CCS(=O)(=O)N1CCCC(c2nc(O)c3nnn(Cc4ccccc4)c3n2)C1,100000.0,CHEMBL5619,PIM1 kinase,inactive,100000.0,4.0,402.48000000000013,1.5042999999999995,1.0,8.0
CHEMBL516612,O=S(=O)(c1ccccc1)N1CCCC(c2nc(-c3ccc(F)cc3)no2)C1,100000.0,CHEMBL5619,PIM1 kinase,inactive,100000.0,4.0,387.43600000000004,3.4440000000000017,0.0,5.0
CHEMBL467645,CCCS(=O)(=O)N1CCCC(c2nc(-c3ccc(C(C)C)cc3)no2)C1,100000.0,CHEMBL5619,PIM1 kinase,inactive,100000.0,4.0,377.5100000000001,3.779200000000003,0.0,5.0
CHEMBL467646,CCN(Cc1ccccc1)S(=O)(=O)c1ccc(S(=O)(=O)NC2CCC(C)CC2)cc1,100000.0,CHEMBL5619,PIM1 kinase,inactive,100000.0,4.0,450.6260000000002,3.754400000000003,1.0,4.0
CHEMBL467858,COc1ccc(N(CC(=O)NC2CCCC2)C(=O)C2CSC(=O)C2)cc1,100000.0,CHEMBL5619,PIM1 kinase,inactive,100000.0,4.0,376.4780000000001,2.3667,1.0,5.0
CHEMBL467859,O=S(=O)(c1ccc(OC(F)(F)F)cc1)N1CCCC(c2nc(O)c3nnn(Cc4ccccc4Cl)c3n2)C1,100000.0,CHEMBL5619,PIM1 kinase,inactive,100000.0,4.0,568.965,4.095500000000003,1.0,9.0
CHEMBL513482,CCn1c(SCCN2CCCC2)nnc1C1CCCN(S(C)(=O)=O)C1,100000.0,CHEMBL5619,PIM1 kinase,inactive,100000.0,4.0,387.57500000000016,1.6249,0.0,7.0
CHEMBL468909,Cn1c(CCNS(=O)(=O)c2ccccc2)nnc1SCc1cccnc1,100000.0,CHEMBL5619,PIM1 kinase,inactive,100000.0,4.0,389.50600000000014,2.0233999999999996,1.0,7.0
CHEMBL513531,Cc1cc(S(=O)(=O)N2CCc3ccccc32)ccc1OCC(=O)NCc1ccccn1,100000.0,CHEMBL5619,PIM1 kinase,inactive,100000.0,4.0,437.5210000000002,2.836620000000001,1.0,5.0
CHEMBL469109,Cc1cc(S(=O)(=O)N2CCOCC2)ccc1OCC(=O)O,100000.0,CHEMBL5619,PIM1 kinase,inactive,100000.0,4.0,315.34700000000004,0.4793199999999999,1.0,5.0
CHEMBL468490,Cc1ccc(-c2noc(CNC(=O)CN(C)S(=O)(=O)c3ccc4ccccc4c3)n2)cc1,100000.0,CHEMBL5619,PIM1 kinase,inactive,100000.0,4.0,450.52000000000015,3.1351200000000015,1.0,6.0
CHEMBL468491,CCCNS(=O)(=O)c1ccc(OCC(=O)NCC2CCCO2)c(C)c1,100000.0,CHEMBL5619,PIM1 kinase,inactive,100000.0,4.0,370.47100000000023,1.35732,2.0,5.0
CHEMBL460581,Cc1cc(S(=O)(=O)N2CCOCC2)ccc1OCC(=O)NCc1ccncc1,100000.0,CHEMBL5619,PIM1 kinase,inactive,100000.0,4.0,405.4760000000001,1.1061199999999993,1.0,6.0
CHEMBL460582,CCS(=O)(=O)Nc1cc2c(C(C)=O)c(C)n(S(=O)(=O)CC)c2cc1C,100000.0,CHEMBL5619,PIM1 kinase,inactive,100000.0,4.0,386.4950000000002,2.420140000000001,1.0,6.0
CHEMBL506221,CCS(=O)(=O)Nc1cc2c(cc1C)C(S(=O)(=O)CC)C1=C2CCC1,100000.0,CHEMBL5619,PIM1 kinase,inactive,100000.0,4.0,369.50800000000027,3.1835200000000023,1.0,4.0
CHEMBL578390,CCCCCCCCC/C(=C\C1=C(C)C(=O)C(OC)=C(OC)C1=O)C(=O)O,10000.0,CHEMBL5619,PIM1 kinase,inactive,10000.0,5.0,378.46500000000015,4.110800000000003,1.0,5.0
CHEMBL569384,COC1=C(OC)C(=O)C(/C=C/C(=O)O)=C(C)C1=O,40000.0,CHEMBL5619,PIM1 kinase,inactive,40000.0,4.3979400086720375,252.22199999999998,0.5998999999999999,1.0,5.0
CHEMBL571827,CCCC/C(=C\C1=C(C)C(=O)C(OC)=C(OC)C1=O)C(=O)O,15000.0,CHEMBL5619,PIM1 kinase,inactive,15000.0,4.823908740944319,308.33,2.1603,1.0,5.0
CHEMBL577095,COCC/C(=C\C1=C(C)C(=O)C(OC)=C(OC)C1=O)C(=O)O,10000.0,CHEMBL5619,PIM1 kinase,inactive,10000.0,5.0,310.302,1.0066,1.0,6.0
CHEMBL583347,CCCCCCCCC/C(=C\C1=C(C)C(=O)C(OC)=C(OC)C1=O)C(=O)NCCO,10000.0,CHEMBL5619,PIM1 kinase,inactive,10000.0,5.0,421.5340000000002,3.134700000000001,2.0,6.0
CHEMBL571874,CC1=C(/C=C(\C)C(=O)O)C(=O)c2ccccc2C1=O,15000.0,CHEMBL5619,PIM1 kinase,inactive,15000.0,4.823908740944319,256.257,2.4130000000000003,1.0,3.0
CHEMBL577297,COC1=C(/C=C(\C)C(=O)O)C(=O)c2ccccc2C1=O,1000.0,CHEMBL5619,PIM1 kinase,active,1000.0,6.0,272.25600000000003,1.997,1.0,4.0
CHEMBL572060,CSC1=C(/C=C(\C)C(=O)O)C(=O)c2ccccc2C1=O,1000.0,CHEMBL5619,PIM1 kinase,active,1000.0,6.0,288.32400000000007,2.7136000000000005,1.0,4.0
CHEMBL568994,C/C(=C\C1=C(Cl)C(=O)c2ccccc2C1=O)C(=O)O,1000.0,CHEMBL5619,PIM1 kinase,active,1000.0,6.0,276.675,2.5894000000000004,1.0,3.0
CHEMBL569164,COCC/C(=C\C1=C(C)C(=O)c2ccccc2C1=O)C(=O)O,10000.0,CHEMBL5619,PIM1 kinase,inactive,10000.0,5.0,300.31,2.4295999999999998,1.0,4.0
CHEMBL570293,COCC/C(=C\C1=C(Br)C(=O)c2ccccc2C1=O)C(=O)O,1000.0,CHEMBL5619,PIM1 kinase,active,1000.0,6.0,365.1790000000001,2.7621,1.0,4.0
CHEMBL570294,C/C(=C\C1=C(Cl)C(=O)c2ccccc2C1=O)C(=O)NCCO,1000.0,CHEMBL5619,PIM1 kinase,active,1000.0,6.0,319.7440000000001,1.6133,2.0,4.0
CHEMBL1879618,CC(=O)Nc1sc2c(c1-c1nc3ccccc3s1)CCN(C(=O)OC(C)(C)C)C2,57000.0,CHEMBL5619,PIM1 kinase,inactive,57000.0,4.2441251443275085,429.5670000000003,5.276400000000004,1.0,6.0
CHEMBL2059403,CC(=O)Nc1sc2c(c1-c1cccc3ccccc13)CCNC2,57000.0,CHEMBL5619,PIM1 kinase,inactive,57000.0,4.2441251443275085,322.43300000000016,4.172400000000002,2.0,3.0
CHEMBL2059407,CC(=O)Nc1sc2c(c1-c1csc3ccccc13)CCNC2,57000.0,CHEMBL5619,PIM1 kinase,inactive,57000.0,4.2441251443275085,328.46200000000016,4.233900000000003,2.0,4.0
CHEMBL2057929,CC(=O)Nc1sc2c(c1-c1cc3ccccc3[nH]1)CCNC2,57000.0,CHEMBL5619,PIM1 kinase,inactive,57000.0,4.2441251443275085,311.41000000000014,3.5005000000000006,3.0,3.0
CHEMBL1719251,CC(=O)Nc1sc2c(c1-c1nc3ccccc3o1)CCN(C(C)C)C2,20400.0,CHEMBL5619,PIM1 kinase,inactive,20400.0,4.690369832574101,355.4630000000002,4.281200000000003,1.0,5.0
CHEMBL2057934,CC(C)(C)C(=O)Nc1sc2c(c1-c1nc3ccccc3s1)CCNC2,57000.0,CHEMBL5619,PIM1 kinase,inactive,57000.0,4.2441251443275085,371.5310000000001,4.655100000000004,2.0,5.0
CHEMBL2057938,O=C(CCc1ccccc1)Nc1sc2c(c1-c1nc3ccccc3s1)CCNC2,57000.0,CHEMBL5619,PIM1 kinase,inactive,57000.0,4.2441251443275085,419.57500000000016,5.241800000000005,2.0,5.0
CHEMBL1882023,O=C(Nc1sc2c(c1-c1nc3ccccc3s1)CCNC2)C(F)(F)F,17600.0,CHEMBL5619,PIM1 kinase,inactive,17600.0,4.7544873321858505,383.42000000000013,4.171300000000001,2.0,5.0
CHEMBL2057939,COC(=O)Nc1sc2c(c1-c1nc3ccccc3s1)CCNC2,11100.0,CHEMBL5619,PIM1 kinase,inactive,11100.0,4.954677021213342,345.4490000000001,3.8488000000000016,2.0,6.0
CHEMBL1876662,C#CCCC(=O)Nc1sc2c(c1-c1nc3ccccc3s1)CCNC2,12000.0,CHEMBL5619,PIM1 kinase,inactive,12000.0,4.920818753952375,367.49900000000014,4.022400000000002,2.0,5.0
CHEMBL2057216,c1ccc2sc(-c3csc4c3CCNC4)nc2c1,25200.0,CHEMBL5619,PIM1 kinase,inactive,25200.0,4.598599459218456,272.39799999999997,3.6705000000000023,1.0,4.0
CHEMBL2057944,COC(=O)c1sc2c(c1-c1nc3ccccc3s1)CCNC2,57000.0,CHEMBL5619,PIM1 kinase,inactive,57000.0,4.2441251443275085,330.43400000000014,3.4571000000000014,1.0,6.0
CHEMBL2057945,O=C(O)c1sc2c(c1-c1nc3ccccc3s1)CCNC2,57000.0,CHEMBL5619,PIM1 kinase,inactive,57000.0,4.2441251443275085,316.4070000000001,3.3687000000000014,2.0,5.0
CHEMBL2057946,Cc1nnc(-c2sc3c(c2-c2nc4ccccc4s2)CCNC3)o1,57000.0,CHEMBL5619,PIM1 kinase,inactive,57000.0,4.2441251443275085,354.46000000000015,4.028920000000002,1.0,7.0
CHEMBL2057947,Cc1noc(-c2sc3c(c2-c2nc4ccccc4s2)CCNC3)n1,57000.0,CHEMBL5619,PIM1 kinase,inactive,57000.0,4.2441251443275085,354.4600000000001,4.028920000000003,1.0,7.0
CHEMBL2057948,Cc1nnc(Nc2sc3c(c2-c2nc4ccccc4s2)CCNC3)o1,19000.0,CHEMBL5619,PIM1 kinase,inactive,19000.0,4.721246399047171,369.47500000000014,4.105520000000002,2.0,8.0
CHEMBL2057949,Cc1noc(Nc2sc3c(c2-c2nc4ccccc4s2)CCNC3)n1,18200.0,CHEMBL5619,PIM1 kinase,inactive,18200.0,4.739928612014925,369.47500000000014,4.105520000000003,2.0,8.0
CHEMBL2057951,CC(=O)Nc1sc2cnccc2c1-c1nc2ccccc2s1,57000.0,CHEMBL5619,PIM1 kinase,inactive,57000.0,4.2441251443275085,325.418,4.531400000000002,1.0,5.0
CHEMBL1705313,CC(=O)Nc1sc2c(c1-c1nc3ccccc3s1)CCCN(C(C)C)C2,12900.0,CHEMBL5619,PIM1 kinase,inactive,12900.0,4.889410289700751,385.5580000000002,5.139800000000004,1.0,5.0
CHEMBL1716096,CC(=O)Nc1sc2c(c1-c1nc3ccccc3s1)CCN(C(C)C)CC2,17600.0,CHEMBL5619,PIM1 kinase,inactive,17600.0,4.7544873321858505,385.5580000000002,4.792200000000004,1.0,5.0
CHEMBL1617574,CC(=O)Nc1sc2c(c1-c1nc3ccccc3s1)CCN(C(C)C)C2,12000.0,CHEMBL5619,PIM1 kinase,inactive,12000.0,4.920818753952375,371.5310000000002,4.749700000000003,1.0,5.0
CHEMBL1719251,CC(=O)Nc1sc2c(c1-c1nc3ccccc3o1)CCN(C(C)C)C2,13000.0,CHEMBL5619,PIM1 kinase,inactive,13000.0,4.886056647693163,355.4630000000002,4.281200000000003,1.0,5.0
CHEMBL1706858,CC(=O)Nc1sc2c(c1-c1nc3ccccc3s1)CNC2,1000.0,CHEMBL5619,PIM1 kinase,active,1000.0,6.0,315.42300000000006,3.586400000000001,2.0,5.0
CHEMBL1705313,CC(=O)Nc1sc2c(c1-c1nc3ccccc3s1)CCCN(C(C)C)C2,14000.0,CHEMBL5619,PIM1 kinase,inactive,14000.0,4.853871964321762,385.5580000000002,5.139800000000004,1.0,5.0
CHEMBL1716096,CC(=O)Nc1sc2c(c1-c1nc3ccccc3s1)CCN(C(C)C)CC2,13000.0,CHEMBL5619,PIM1 kinase,inactive,13000.0,4.886056647693163,385.5580000000002,4.792200000000004,1.0,5.0
CHEMBL1453126,Cc1cc(C)c2c(N)c3cccc(C)c3nc2n1,32000.0,CHEMBL5619,PIM1 kinase,inactive,32000.0,4.494850021680094,237.306,3.2904600000000013,1.0,3.0
CHEMBL2420480,N#Cc1ccc2cc3c(=O)[nH]c(=O)nc-3n(-c3cccc(-c4nnn[nH]4)c3)c2c1,200000.0,CHEMBL5619,PIM1 kinase,inactive,200000.0,3.6989700043360183,382.3430000000001,1.23058,2.0,8.0
CHEMBL2420479,N#Cc1ccc2cc3c(=O)[nH]c(=O)nc-3n(-c3cccc4[nH]ncc34)c2c1,200000.0,CHEMBL5619,PIM1 kinase,inactive,200000.0,3.6989700043360183,354.32900000000006,1.92678,2.0,6.0
CHEMBL2420478,N#Cc1ccc2cc3c(=O)[nH]c(=O)nc-3n(-c3ccc4cn[nH]c4c3)c2c1,200000.0,CHEMBL5619,PIM1 kinase,inactive,200000.0,3.6989700043360183,354.32900000000006,1.92678,2.0,6.0
CHEMBL2420477,N#Cc1ccc2cc3c(=O)[nH]c(=O)nc-3n(-c3cccc(S(N)(=O)=O)c3)c2c1,200000.0,CHEMBL5619,PIM1 kinase,inactive,200000.0,3.6989700043360183,393.3840000000001,0.6978800000000001,2.0,7.0
CHEMBL2420476,CS(=O)(=O)Nc1cccc(-n2c3nc(=O)[nH]c(=O)c-3cc3cc(Cl)ccc32)c1,200000.0,CHEMBL5619,PIM1 kinase,inactive,200000.0,3.6989700043360183,416.8460000000002,2.2036999999999995,2.0,6.0
CHEMBL2420475,CS(=O)(=O)Nc1cccc(-n2c3nc(=O)[nH]c(=O)c-3cc3ccccc32)c1,200000.0,CHEMBL5619,PIM1 kinase,inactive,200000.0,3.6989700043360183,382.4010000000001,1.5502999999999996,2.0,6.0
CHEMBL2420474,CS(=O)(=O)Nc1cccc(-n2c3nc(=O)[nH]c(=O)c-3cc3ccc(C#N)cc32)c1,200000.0,CHEMBL5619,PIM1 kinase,inactive,200000.0,3.6989700043360183,407.4110000000002,1.4219799999999996,2.0,7.0
CHEMBL2420473,N#Cc1ccc2cc3c(=O)[nH]c(=O)nc-3n(-c3cccc(CC(N)=O)c3)c2c1,200000.0,CHEMBL5619,PIM1 kinase,inactive,200000.0,3.6989700043360183,371.35600000000017,1.0782800000000001,2.0,6.0
CHEMBL2420472,N#Cc1ccc2cc3c(=O)[nH]c(=O)nc-3n(-c3cccc(N)c3)c2c1,200000.0,CHEMBL5619,PIM1 kinase,inactive,200000.0,3.6989700043360183,329.3190000000001,1.6326800000000001,2.0,6.0
CHEMBL2420471,N#Cc1ccc2cc3c(=O)[nH]c(=O)nc-3n(-c3ccc(Br)cc3)c2c1,200000.0,CHEMBL5619,PIM1 kinase,inactive,200000.0,3.6989700043360183,393.20000000000005,2.8129800000000005,1.0,5.0
CHEMBL2420470,N#Cc1ccc2cc3c(=O)[nH]c(=O)nc-3n(-c3cccc(F)c3)c2c1,200000.0,CHEMBL5619,PIM1 kinase,inactive,200000.0,3.6989700043360183,332.29400000000004,2.1895800000000003,1.0,5.0
CHEMBL2420469,COc1ccc(-n2c3nc(=O)[nH]c(=O)c-3cc3ccc(C#N)cc32)cc1O,200000.0,CHEMBL5619,PIM1 kinase,inactive,200000.0,3.6989700043360183,360.3290000000001,1.7646799999999998,2.0,7.0
CHEMBL2420468,COc1ccc(-n2c3nc(=O)[nH]c(=O)c-3cc3ccc(C#N)cc32)cc1,200000.0,CHEMBL5619,PIM1 kinase,inactive,200000.0,3.6989700043360183,344.3300000000001,2.05908,1.0,6.0
CHEMBL2420467,COc1cccc(-n2c3nc(=O)[nH]c(=O)c-3cc3ccc(C#N)cc32)c1,200000.0,CHEMBL5619,PIM1 kinase,inactive,200000.0,3.6989700043360183,344.33000000000004,2.05908,1.0,6.0
CHEMBL2420466,N#Cc1ccc2cc3c(=O)[nH]c(=O)nc-3n(-c3cccc(CO)c3)c2c1,200000.0,CHEMBL5619,PIM1 kinase,inactive,200000.0,3.6989700043360183,344.3300000000001,1.54278,2.0,6.0
CHEMBL2420465,N#Cc1ccc2cc3c(=O)[nH]c(=O)nc-3n(-c3ccc(O)cc3)c2c1,200000.0,CHEMBL5619,PIM1 kinase,inactive,200000.0,3.6989700043360183,330.30300000000005,1.7560799999999999,2.0,6.0
CHEMBL2420507,N#Cc1ccc2cc3c(=O)[nH]c(=O)nc-3n(-c3cccc(O)c3)c2c1,200000.0,CHEMBL5619,PIM1 kinase,inactive,200000.0,3.6989700043360183,330.30300000000005,1.7560799999999999,2.0,6.0
CHEMBL2420506,N#Cc1ccc2cc3c(=O)[nH]c(=O)nc-3n(-c3ccccc3)c2c1,200000.0,CHEMBL5619,PIM1 kinase,inactive,200000.0,3.6989700043360183,314.30400000000003,2.05048,1.0,5.0
CHEMBL2420505,O=c1nc2n(-c3ccccc3)c3cc(C(F)(F)F)ccc3cc-2c(=O)[nH]1,200000.0,CHEMBL5619,PIM1 kinase,inactive,200000.0,3.6989700043360183,357.29100000000005,3.1976000000000013,1.0,4.0
CHEMBL2420504,O=c1nc2n(-c3ccccc3O)c3cc(Cl)ccc3cc-2c(=O)[nH]1,200000.0,CHEMBL5619,PIM1 kinase,inactive,200000.0,3.6989700043360183,339.73800000000006,2.5378000000000007,2.0,5.0
CHEMBL2420503,O=c1nc2n(-c3cccc(O)c3)c3cc(Cl)ccc3cc-2c(=O)[nH]1,200000.0,CHEMBL5619,PIM1 kinase,inactive,200000.0,3.6989700043360183,339.73800000000006,2.5378000000000007,2.0,5.0
CHEMBL2420502,COc1ccc(-n2c3nc(=O)[nH]c(=O)c-3cc3ccc(Cl)cc32)cc1,200000.0,CHEMBL5619,PIM1 kinase,inactive,200000.0,3.6989700043360183,353.76500000000004,2.8408000000000007,1.0,5.0
CHEMBL2420501,O=c1nc2n(-c3ccc(O)cc3)c3cc(Cl)ccc3cc-2c(=O)[nH]1,200000.0,CHEMBL5619,PIM1 kinase,inactive,200000.0,3.6989700043360183,339.73800000000006,2.5378000000000007,2.0,5.0
CHEMBL2420500,O=c1nc2n(C3CCNCC3)c3cc(Cl)ccc3cc-2c(=O)[nH]1,200000.0,CHEMBL5619,PIM1 kinase,inactive,200000.0,3.6989700043360183,330.77500000000003,1.7674999999999996,2.0,5.0
CHEMBL2420499,O=c1nc2n(C3CCCCC3)c3cc(Cl)ccc3cc-2c(=O)[nH]1,200000.0,CHEMBL5619,PIM1 kinase,inactive,200000.0,3.6989700043360183,329.78700000000003,3.348200000000001,1.0,4.0
CHEMBL2420498,O=c1nc2n(C3CC3)c3cc(Cl)ccc3cc-2c(=O)[nH]1,200000.0,CHEMBL5619,PIM1 kinase,inactive,200000.0,3.6989700043360183,287.706,2.1778999999999997,1.0,4.0
CHEMBL2420497,Cn1c2nc(=O)[nH]c(=O)c-2cc2ccc(Cl)cc21,200000.0,CHEMBL5619,PIM1 kinase,inactive,200000.0,3.6989700043360183,261.668,1.3799999999999992,1.0,4.0
CHEMBL224548,O=c1nc2n(-c3ccccc3)c3cccc(Cl)c3cc-2c(=O)[nH]1,200000.0,CHEMBL5619,PIM1 kinase,inactive,200000.0,3.6989700043360183,323.73900000000003,2.832200000000001,1.0,4.0
CHEMBL2420496,O=c1nc2n(-c3ccccc3)c3ccc(Cl)cc3cc-2c(=O)[nH]1,200000.0,CHEMBL5619,PIM1 kinase,inactive,200000.0,3.6989700043360183,323.73900000000003,2.832200000000001,1.0,4.0
CHEMBL2420495,O=c1nc2n(-c3ccccc3)c3c(Cl)cccc3cc-2c(=O)[nH]1,200000.0,CHEMBL5619,PIM1 kinase,inactive,200000.0,3.6989700043360183,323.73900000000003,2.832200000000001,1.0,4.0
CHEMBL2420494,Cn1c(=O)nc2n(-c3ccccc3)c3cc(Cl)ccc3cc-2c1=O,200000.0,CHEMBL5619,PIM1 kinase,inactive,200000.0,3.6989700043360183,337.76600000000013,2.842600000000001,0.0,5.0
CHEMBL2420493,Cc1ccc(-n2c3nc(=O)[nH]c(=O)c-3cc3ccc(Cl)cc32)cc1,200000.0,CHEMBL5619,PIM1 kinase,inactive,200000.0,3.6989700043360183,337.7660000000001,3.140620000000001,1.0,4.0
CHEMBL2420492,O=c1nc2n(Cc3ccccc3)c3cc(Cl)ccc3cc-2c(=O)[nH]1,200000.0,CHEMBL5619,PIM1 kinase,inactive,200000.0,3.6989700043360183,337.7660000000001,2.891300000000001,1.0,4.0
CHEMBL228772,Cn1c2nc(=O)[nH]c(=O)c-2cc2ccccc21,200000.0,CHEMBL5619,PIM1 kinase,inactive,200000.0,3.6989700043360183,227.223,0.7265999999999992,1.0,4.0
CHEMBL471342,O=c1nc2n(-c3ccccc3)c3ccccc3cc-2c(=O)[nH]1,200000.0,CHEMBL5619,PIM1 kinase,inactive,200000.0,3.6989700043360183,289.29400000000004,2.1788,1.0,4.0
CHEMBL223823,O=c1nc2n(-c3ccccc3)c3cc(Cl)ccc3cc-2c(=O)[nH]1,200000.0,CHEMBL5619,PIM1 kinase,inactive,200000.0,3.6989700043360183,323.73900000000003,2.832200000000001,1.0,4.0
CHEMBL2420491,COc1ccc(-c2csc(-c3ccc(C(=O)NS(C)(=O)=O)cc3)c2)cc1OC,200000.0,CHEMBL5619,PIM1 kinase,inactive,200000.0,3.6989700043360183,417.50800000000015,3.788700000000003,1.0,6.0
CHEMBL2420490,COc1ccc(-c2csc(-c3cccc(C(=O)NS(C)(=O)=O)c3)c2)cc1OC,200000.0,CHEMBL5619,PIM1 kinase,inactive,200000.0,3.6989700043360183,417.50800000000015,3.788700000000003,1.0,6.0
CHEMBL2420489,COc1ccc(-c2csc(C(=O)N3CCCC(C(=O)P(=O)(OC)OC)C3)c2)cc1OC,200000.0,CHEMBL5619,PIM1 kinase,inactive,200000.0,3.6989700043360183,467.4800000000002,4.297000000000004,0.0,8.0
CHEMBL2420488,COc1ccc(-c2csc(NC(=O)c3ncn(C)c(=O)c3OCc3ccccc3)c2)cc1OC,200000.0,CHEMBL5619,PIM1 kinase,inactive,200000.0,3.6989700043360183,477.54200000000026,4.357300000000003,1.0,8.0
CHEMBL2420487,CC1CN(C)C2=NC(N)=NC(=O)C2N1,200000.0,CHEMBL5619,PIM1 kinase,inactive,200000.0,3.6989700043360183,195.226,-1.4680999999999982,2.0,5.0
CHEMBL2420486,CN1N=C(c2ccccc2)C(=O)C2C(=O)N=C(N)N=C21,200000.0,CHEMBL5619,PIM1 kinase,inactive,200000.0,3.6989700043360183,269.26399999999995,-0.22519999999999996,1.0,6.0
CHEMBL2420485,Cc1csc(-c2nc3c(=O)nc(N)nc-3n(C)n2)c1,200000.0,CHEMBL5619,PIM1 kinase,inactive,200000.0,3.6989700043360183,274.30899999999997,0.6892200000000004,1.0,8.0
CHEMBL2420484,CCc1ccc(-c2cnc3c(n2)c(=O)n(C)c(=O)n3C)cc1,200000.0,CHEMBL5619,PIM1 kinase,inactive,200000.0,3.6989700043360183,296.33,1.2565999999999995,0.0,6.0
CHEMBL2420483,CCc1ccc(-c2cc3c(=O)n(C)c(=O)nc-3n(CC)n2)cc1,200000.0,CHEMBL5619,PIM1 kinase,inactive,200000.0,3.6989700043360183,310.35699999999997,1.6910999999999996,0.0,6.0
CHEMBL2420482,CCc1ccc(-c2nnc3[nH]c(=O)n(C)c(=O)c3n2)cc1,200000.0,CHEMBL5619,PIM1 kinase,inactive,200000.0,3.6989700043360183,283.291,0.6411999999999995,1.0,6.0
CHEMBL2420481,COc1ccc(-c2csc(-c3nc4c(=O)n(C)c(=O)nc-4n(C)n3)c2)cc1OC,200000.0,CHEMBL5619,PIM1 kinase,inactive,200000.0,3.6989700043360183,411.44300000000015,1.7865000000000002,0.0,10.0
CHEMBL2420614,Cn1nc(-c2cc(-c3ccccc3)cs2)nc2c(=O)n(C)c(=O)nc1-2,200000.0,CHEMBL5619,PIM1 kinase,inactive,200000.0,3.6989700043360183,351.39100000000013,1.7692999999999997,0.0,8.0
CHEMBL2420613,Cn1nc(-c2cc(Br)cs2)nc2c(=O)n(C)c(=O)nc1-2,200000.0,CHEMBL5619,PIM1 kinase,inactive,200000.0,3.6989700043360183,354.18900000000014,0.8647999999999998,0.0,8.0
CHEMBL2420612,Cc1csc(-c2nc3c(=O)n(C)c(=O)nc-3n(C)n2)c1,200000.0,CHEMBL5619,PIM1 kinase,inactive,200000.0,3.6989700043360183,289.32,0.4107200000000003,0.0,8.0
CHEMBL2420611,Cn1nc(-c2cscn2)nc2c(=O)n(C)c(=O)nc1-2,200000.0,CHEMBL5619,PIM1 kinase,inactive,200000.0,3.6989700043360183,276.28099999999995,-0.5027000000000004,0.0,9.0
CHEMBL2094689,COc1ccc(-c2nc3c(=O)n(C)c(=O)nc-3n(C)n2)cc1OC,200000.0,CHEMBL5619,PIM1 kinase,inactive,200000.0,3.6989700043360183,329.3160000000001,0.057999999999999385,0.0,9.0
CHEMBL2420610,Cn1nc(-c2ccc3ccccc3c2)nc2c(=O)n(C)c(=O)nc1-2,200000.0,CHEMBL5619,PIM1 kinase,inactive,200000.0,3.6989700043360183,319.32400000000007,1.1939999999999997,0.0,7.0
CHEMBL2420609,Cn1nc(CCc2ccccc2)nc2c(=O)n(C)c(=O)nc1-2,200000.0,CHEMBL5619,PIM1 kinase,inactive,200000.0,3.6989700043360183,297.31800000000004,0.15900000000000003,0.0,7.0
CHEMBL1394266,Cn1nc(Cc2ccccc2)nc2c(=O)n(C)c(=O)nc1-2,200000.0,CHEMBL5619,PIM1 kinase,inactive,200000.0,3.6989700043360183,283.291,-0.03540000000000032,0.0,7.0
CHEMBL2420518,Cn1nc(C2CCOCC2)nc2c(=O)n(C)c(=O)nc1-2,200000.0,CHEMBL5619,PIM1 kinase,inactive,200000.0,3.6989700043360183,277.284,-0.7321999999999995,0.0,8.0
CHEMBL2420517,Cn1nc(C2CCCCC2)nc2c(=O)n(C)c(=O)nc1-2,200000.0,CHEMBL5619,PIM1 kinase,inactive,200000.0,3.6989700043360183,275.312,0.42149999999999976,0.0,7.0
CHEMBL2420516,Cn1nc(C2CCCC2)nc2c(=O)n(C)c(=O)nc1-2,200000.0,CHEMBL5619,PIM1 kinase,inactive,200000.0,3.6989700043360183,261.28499999999997,0.03139999999999987,0.0,7.0
CHEMBL2420515,Cn1nc(C2CC2)nc2c(=O)n(C)c(=O)nc1-2,200000.0,CHEMBL5619,PIM1 kinase,inactive,200000.0,3.6989700043360183,233.231,-0.7487999999999999,0.0,7.0
CHEMBL1325945,CCCc1nc2c(=O)n(C)c(=O)nc-2n(C)n1,200000.0,CHEMBL5619,PIM1 kinase,inactive,200000.0,3.6989700043360183,235.24699999999999,-0.6737,0.0,7.0
CHEMBL601757,Cc1nc2c(=O)n(C)c(=O)nc-2n(C)n1,200000.0,CHEMBL5619,PIM1 kinase,inactive,200000.0,3.6989700043360183,207.19299999999998,-1.3177800000000004,0.0,7.0
CHEMBL2420514,CCc1ccc(-c2nc3c(=O)n(Cc4ccccc4)c(=O)nc-3n(C)n2)cc1,200000.0,CHEMBL5619,PIM1 kinase,inactive,200000.0,3.6989700043360183,373.4160000000001,2.1144999999999996,0.0,7.0
CHEMBL2420513,CCc1ccc(-c2nc3c(=O)n(-c4ccccc4)c(=O)nc-3n(C)n2)cc1,200000.0,CHEMBL5619,PIM1 kinase,inactive,200000.0,3.6989700043360183,359.38900000000007,2.0553999999999997,0.0,7.0
CHEMBL2420512,CCc1ccc(-c2nc3c(=O)[nH]c(=O)nc-3n(C)n2)cc1,200000.0,CHEMBL5619,PIM1 kinase,inactive,200000.0,3.6989700043360183,283.291,0.5927999999999995,1.0,6.0
CHEMBL2420511,CCc1ccc(-c2nc3c(=O)n(C)c(=O)nc-3n(Cc3ccccc3)n2)cc1,200000.0,CHEMBL5619,PIM1 kinase,inactive,200000.0,3.6989700043360183,373.41600000000005,2.1144999999999996,0.0,7.0
CHEMBL2420510,CCc1ccc(-c2nc3c(=O)n(C)c(=O)nc-3n(-c3ccccc3)n2)cc1,200000.0,CHEMBL5619,PIM1 kinase,inactive,200000.0,3.6989700043360183,359.389,2.0553999999999997,0.0,7.0
CHEMBL2420509,CCc1ccc(-c2nc3c(=O)n(C)c(=O)nc-3n(CC3CC3)n2)cc1,200000.0,CHEMBL5619,PIM1 kinase,inactive,200000.0,3.6989700043360183,337.3830000000001,1.4761999999999997,0.0,7.0
CHEMBL2417582,CCCn1nc(-c2ccc(CC)cc2)nc2c(=O)n(C)c(=O)nc1-2,200000.0,CHEMBL5619,PIM1 kinase,inactive,200000.0,3.6989700043360183,325.37200000000007,1.4761999999999997,0.0,7.0
CHEMBL2420508,CCc1ccc(-c2nc3c(=O)n(C)c(=O)nc-3n(C3CC3)n2)cc1,200000.0,CHEMBL5619,PIM1 kinase,inactive,200000.0,3.6989700043360183,323.35600000000005,1.4010999999999998,0.0,7.0
CHEMBL1569025,CCc1ccc(-c2nc3c(=O)n(C)c(=O)nc-3n(CC)n2)cc1,200000.0,CHEMBL5619,PIM1 kinase,inactive,200000.0,3.6989700043360183,311.345,1.0860999999999996,0.0,7.0
CHEMBL1449180,Cc1ccccc1-c1nc2c(=O)n(C)c(=O)nc-2n(C)n1,200000.0,CHEMBL5619,PIM1 kinase,inactive,200000.0,3.6989700043360183,283.291,0.34921999999999986,0.0,7.0
CHEMBL2420617,Cc1cccc(-c2nc3c(=O)n(C)c(=O)nc-3n(C)n2)c1,200000.0,CHEMBL5619,PIM1 kinase,inactive,200000.0,3.6989700043360183,283.291,0.3492199999999994,0.0,7.0
CHEMBL1450796,Cc1ccc(-c2nc3c(=O)n(C)c(=O)nc-3n(C)n2)cc1,200000.0,CHEMBL5619,PIM1 kinase,inactive,200000.0,3.6989700043360183,283.291,0.34921999999999964,0.0,7.0
CHEMBL2420616,Cn1nc(-c2ccc(OC(F)(F)F)cc2)nc2c(=O)n(C)c(=O)nc1-2,200000.0,CHEMBL5619,PIM1 kinase,inactive,200000.0,3.6989700043360183,353.26000000000005,0.9393999999999996,0.0,8.0
CHEMBL1096283,Cn1nc(-c2ccc(C(F)(F)F)cc2)nc2c(=O)n(C)c(=O)nc1-2,200000.0,CHEMBL5619,PIM1 kinase,inactive,200000.0,3.6989700043360183,337.261,1.0595999999999997,0.0,7.0
CHEMBL2420615,CCc1ccc(-c2nc3c(=O)n(C)c(=O)nc-3n(C)n2)cc1,200000.0,CHEMBL5619,PIM1 kinase,inactive,200000.0,3.6989700043360183,297.318,0.6031999999999995,0.0,7.0
CHEMBL1527391,Cn1nc(-c2ccccc2)nc2c(=O)n(C)c(=O)nc1-2,200000.0,CHEMBL5619,PIM1 kinase,inactive,200000.0,3.6989700043360183,269.26399999999995,0.040799999999999725,0.0,7.0
CHEMBL1334062,Cn1nc(-c2ccc(Cl)cc2)nc2c(=O)n(C)c(=O)nc1-2,200000.0,CHEMBL5619,PIM1 kinase,inactive,200000.0,3.6989700043360183,303.70900000000006,0.6941999999999994,0.0,7.0
CHEMBL109037,NC(Cc1cc(O)c(O)cc1O)C(=O)O,110.0,CHEMBL5619,PIM1 kinase,active,110.0,6.958607314841775,213.18899999999996,-0.24220000000000003,5.0,5.0
CHEMBL275938,O=C(O)C1=CC(=C(c2ccc(O)c(C(=O)O)c2)c2ccc(O)c(C(=O)O)c2)C=CC1=O,10000.0,CHEMBL5619,PIM1 kinase,active,10000.0,5.0,422.34500000000014,2.4460000000000006,5.0,6.0
CHEMBL164,O=c1c(O)c(-c2cc(O)c(O)c(O)c2)oc2cc(O)cc(O)c12,320.0,CHEMBL5619,PIM1 kinase,active,320.0,6.494850021680094,318.237,1.6935999999999998,6.0,8.0
CHEMBL1160025,Nc1c(S(=O)(=O)O)cc(Nc2ccc(Nc3nc(Cl)nc(Nc4ccc(S(=O)(=O)O)cc4)n3)c(S(=O)(=O)O)c2)c2c1C(=O)c1ccccc1C2=O,250.0,CHEMBL5619,PIM1 kinase,inactive,250.0,6.6020599913279625,774.1710000000002,3.853500000000002,7.0,15.0
CHEMBL578390,CCCCCCCCC/C(=C\C1=C(C)C(=O)C(OC)=C(OC)C1=O)C(=O)O,10000.0,CHEMBL5619,PIM1 kinase,inactive,10000.0,5.0,378.46500000000015,4.110800000000003,1.0,5.0
CHEMBL4208817,COc1c(C(=O)O)cccc1C(=O)NCc1ccc(Cl)c(Cl)c1,18000.0,CHEMBL5619,PIM1 kinase,inactive,18000.0,4.7447274948966935,354.1890000000001,3.630200000000002,2.0,3.0
CHEMBL4212536,COc1c(C(=O)O)cccc1C(=O)NCc1cccc(Cl)c1,16000.0,CHEMBL5619,PIM1 kinase,inactive,16000.0,4.795880017344075,319.744,2.9768000000000017,2.0,3.0
CHEMBL4203257,COc1ccc(CNC(=O)c2cccc(C(=O)O)c2OC)cc1OC,18000.0,CHEMBL5619,PIM1 kinase,inactive,18000.0,4.7447274948966935,345.3510000000001,2.3406000000000002,2.0,5.0
CHEMBL4206043,CCCCCCCCC/C(=C\C1=C(C)C(=O)C(OC)=C(OC)C1=O)C(=O)NOC,8500.0,CHEMBL5619,PIM1 kinase,inactive,8500.0,5.070581074285707,407.5070000000002,3.703800000000002,1.0,6.0
CHEMBL578390,CCCCCCCCC/C(=C\C1=C(C)C(=O)C(OC)=C(OC)C1=O)C(=O)O,10000.0,CHEMBL5619,PIM1 kinase,active,10000.0,5.0,378.46500000000015,4.110800000000003,1.0,5.0
CHEMBL4209629,O=C(OCC(=O)N1NC(c2ccc3ccccc3c2)=C[C@@H]1c1ccccc1)c1ccc([N+](=O)[O-])s1,3000.0,CHEMBL5619,PIM1 kinase,active,3000.0,5.522878745280337,485.5210000000002,5.095500000000003,1.0,7.0
CHEMBL275938,O=C(O)C1=CC(=C(c2ccc(O)c(C(=O)O)c2)c2ccc(O)c(C(=O)O)c2)C=CC1=O,55.0,CHEMBL5619,PIM1 kinase,active,55.0,7.259637310505756,422.34500000000014,2.4460000000000006,5.0,6.0
CHEMBL1417019,Cl.Cl.O=C1c2c(O)ccc(O)c2C(=O)c2c(NCCNCCO)ccc(NCCNCCO)c21,2000.0,CHEMBL5619,PIM1 kinase,active,2000.0,5.698970004336019,517.4100000000003,0.7043999999999995,8.0,10.0
CHEMBL399043,C=C/C(C)=C/[C@@]1(C)SC(=O)C(C)=C1O,1000.0,CHEMBL5619,PIM1 kinase,active,1000.0,6.0,210.29799999999997,2.982800000000001,1.0,3.0
CHEMBL56393,N#C/C(=C\c1ccc(O)c(O)c1)C(=O)c1ccc(O)c(O)c1,280.0,CHEMBL5619,PIM1 kinase,active,280.0,6.552841968657781,297.266,2.2988800000000005,4.0,6.0
CHEMBL1256623,CN(N=O)c1ccc(O)c(O)c1,500.0,CHEMBL5619,PIM1 kinase,active,500.0,6.301029995663981,168.152,1.2153999999999998,2.0,4.0
CHEMBL164,O=c1c(O)c(-c2cc(O)c(O)c(O)c2)oc2cc(O)cc(O)c12,320.0,CHEMBL5619,PIM1 kinase,active,320.0,6.494850021680094,318.237,1.6935999999999998,6.0,8.0
CHEMBL109037,NC(Cc1cc(O)c(O)cc1O)C(=O)O,110.0,CHEMBL5619,PIM1 kinase,active,110.0,6.958607314841775,213.18899999999996,-0.24220000000000003,5.0,5.0
CHEMBL4203497,Nc1ccc2cc(S(=O)(=O)[O-])cc(O)c2c1/N=N/c1ccc([N+](=O)[O-])cc1S(=O)(=O)[O-].[Na+].[Na+],7760.0,CHEMBL5619,PIM1 kinase,active,7760.0,5.110138278741812,512.3890000000002,-3.732599999999998,2.0,12.0
CHEMBL4205877,C/C(=N\Nc1cc(C)nc2cc3c(cc12)OCO3)c1cn(C)n(-c2ccccc2)c1=O,4400.0,CHEMBL5619,PIM1 kinase,active,4400.0,5.356547323513812,415.4530000000001,3.5974200000000014,1.0,8.0
CHEMBL1541779,Cc1c(C(=O)OCC2CCCO2)[nH]c2c1C(=O)CC(c1ccco1)C2,7070.0,CHEMBL5619,PIM1 kinase,active,7070.0,5.150580586203101,343.379,3.164620000000002,1.0,5.0
CHEMBL4213457,O=c1oc(-c2ccc(Cl)cc2Cl)nc2ccc([N+](=O)[O-])cc12,2000.0,CHEMBL5619,PIM1 kinase,active,2000.0,5.698970004336019,337.11800000000005,4.070000000000002,0.0,5.0
CHEMBL4203747,Cc1sc(Nc2cc(Cl)cc(Cl)c2)nc1-c1ccc(-c2ccccc2F)cc1,900.0,CHEMBL5619,PIM1 kinase,active,900.0,6.045757490560675,429.34700000000015,7.975020000000004,1.0,3.0
CHEMBL4212274,Cc1sc(-c2ccc(Cl)cc2)nc1-c1ccc(-c2ccccc2F)cc1,1300.0,CHEMBL5619,PIM1 kinase,active,1300.0,5.886056647693163,379.88700000000006,7.245020000000006,0.0,2.0
CHEMBL4207384,O=S(=O)(Oc1ccc(-c2ccc(OS(=O)(=O)c3ccc(Cl)c(Cl)c3)cc2)cc1)c1ccc(Cl)c(Cl)c1,1800.0,CHEMBL5619,PIM1 kinase,active,1800.0,5.7447274948966935,604.3160000000001,7.502600000000005,0.0,6.0
CHEMBL4211672,CC(C)(C)c1ccc(OC(=O)c2sc3ccccc3c2Cl)c(C(C)(C)C)c1,800.0,CHEMBL5619,PIM1 kinase,inactive,800.0,6.096910013008056,400.9710000000002,7.368900000000006,0.0,3.0
CHEMBL4202877,C=C1S/C(=N\c2ccccc2Cl)N(C(=O)c2sc3ccccc3c2Cl)C12CCCCC2,1400.0,CHEMBL5619,PIM1 kinase,inactive,1400.0,5.853871964321762,487.4770000000004,8.301400000000001,0.0,4.0
CHEMBL4217125,Brc1cc(-c2cc(Br)c(Br)c(Br)c2)cc(Br)c1Br,200.0,CHEMBL5619,PIM1 kinase,inactive,200.0,6.698970004336019,627.588,7.928600000000003,0.0,0.0
CHEMBL4210534,c1cc2ccc3cc2cc1CNCCOCCNCc1ccc2ccc(cc2c1)CNCCOCCNC3,55.0,CHEMBL5619,PIM1 kinase,inactive,55.0,7.259637310505756,512.6980000000003,4.098400000000002,4.0,6.0
CHEMBL4546113,C[C@H]1/C=C/CC(=O)OCCCC(=O)N[C@@H](Cc2c[nH]c3ccccc23)C(=O)N[C@H]1c1ccccc1,100000.0,CHEMBL5619,PIM1 kinase,inactive,100000.0,4.0,473.5730000000001,3.972100000000003,3.0,4.0
CHEMBL4544773,C[C@H]1/C=C/CC(=O)OCCCCC(=O)N[C@@H](Cc2c[nH]c3ccccc23)C(=O)N[C@H]1c1ccccc1,63500.0,CHEMBL5619,PIM1 kinase,inactive,63500.0,4.197226274708024,487.6000000000001,4.362200000000002,3.0,4.0
CHEMBL4457207,Cc1ccc(S(=O)(=O)n2cccc2[C@@H]2NC(=O)[C@H](Cc3c[nH]c4ccccc34)NC(=O)CCCNC(=O)C/C=C/[C@@H]2C)cc1,29200.0,CHEMBL5619,PIM1 kinase,inactive,29200.0,4.534617148551582,615.7560000000002,3.8920200000000023,4.0,6.0
CHEMBL4460339,Cc1ccc(S(=O)(=O)n2cccc2[C@@H]2NC(=O)[C@H](Cc3c[nH]c4ccccc34)NC(=O)C[C@@H](CCc3ccccc3)NC(=O)C/C=C/[C@@H]2C)cc1,2700.0,CHEMBL5619,PIM1 kinase,inactive,2700.0,5.568636235841013,705.8810000000003,5.503320000000005,4.0,6.0
CHEMBL4473257,Cc1ccc(S(=O)(=O)n2cccc2[C@@H]2NC(=O)[C@H](Cc3c[nH]c4ccccc34)NC(=O)C[C@@H](c3ccc(C(F)(F)F)cc3)NC(=O)C/C=C/[C@@H]2C)cc1,1300.0,CHEMBL5619,PIM1 kinase,inactive,1300.0,5.886056647693163,745.8240000000003,6.262020000000005,4.0,6.0
CHEMBL4465479,Cc1ccc([C@@H]2CC(=O)N[C@@H](Cc3c[nH]c4ccccc34)C(=O)N[C@@H](c3cccn3S(=O)(=O)c3ccc(C)cc3)[C@@H](C)/C=C/CC(=O)N2)cc1,2500.0,CHEMBL5619,PIM1 kinase,inactive,2500.0,5.6020599913279625,691.854,5.551640000000005,4.0,6.0
CHEMBL4455293,Cc1ccc(S(=O)(=O)n2cccc2[C@@H]2NC(=O)[C@H](Cc3c[nH]c4ccccc34)NC(=O)C[C@@H](c3ccc(F)cc3)NC(=O)C/C=C/[C@@H]2C)cc1,5700.0,CHEMBL5619,PIM1 kinase,inactive,5700.0,5.2441251443275085,695.8170000000002,5.382320000000004,4.0,6.0
CHEMBL4566116,Cc1ccc(S(=O)(=O)n2cccc2[C@@H]2NC(=O)[C@H](Cc3c[nH]c4ccccc34)NC(=O)C(Oc3ccccc3)CCOC(=O)C/C=C/[C@@H]2C)cc1,5400.0,CHEMBL5619,PIM1 kinase,inactive,5400.0,5.267606240177032,708.8370000000001,5.3765200000000055,3.0,8.0
CHEMBL4567730,Cc1ccc(S(=O)(=O)n2cccc2[C@@H]2NC(=O)[C@H](Cc3c[nH]c4ccccc34)NC(=O)C(Oc3ccc(C(F)(F)F)cc3)CCOC(=O)C/C=C/[C@@H]2C)cc1,2500.0,CHEMBL5619,PIM1 kinase,inactive,2500.0,5.6020599913279625,776.8340000000002,6.395320000000006,3.0,8.0
CHEMBL4517868,Cc1ccc(S(=O)(=O)n2cccc2[C@@H]2NC(=O)[C@H](Cc3c[nH]c4ccccc34)NC(=O)C(c3ccccc3)CCOC(=O)C/C=C/[C@@H]2C)cc1,1200.0,CHEMBL5619,PIM1 kinase,active,1200.0,5.920818753952375,692.8380000000001,5.712720000000005,3.0,7.0
CHEMBL4458126,C[C@H]1/C=C/CC(=O)OCCC(Oc2ccc3c(c2)OCO3)C(=O)N[C@@H](Cc2c[nH]c3ccccc23)C(=O)N[C@H]1c1ccccc1,1800.0,CHEMBL5619,PIM1 kinase,inactive,1800.0,5.7447274948966935,609.6790000000003,4.758300000000003,3.0,7.0
