Descriptor_1,Descriptor_2,Descriptor_3,Descriptor_4,Descriptor_5,Descriptor_6,Descriptor_7,Descriptor_8,Descriptor_9,Descriptor_10,Descriptor_11,Descriptor_12,Descriptor_13,Descriptor_14,Descriptor_15,Descriptor_16,Descriptor_17,Descriptor_18,Descriptor_19,Descriptor_20,Descriptor_21,Descriptor_22,Descriptor_23,Descriptor_24,Descriptor_25,Descriptor_26,Descriptor_27,Descriptor_28,Descriptor_29,Descriptor_30,Descriptor_31,Descriptor_32,Descriptor_33,Descriptor_34,Descriptor_35,Descriptor_36,Descriptor_37,Descriptor_38,Descriptor_39,Descriptor_40,Descriptor_41,Descriptor_42,Descriptor_43,Descriptor_44,Descriptor_45,Descriptor_46,Descriptor_47,Descriptor_48,Descriptor_49,Descriptor_50,Descriptor_51,Descriptor_52,Descriptor_53,Descriptor_54,Descriptor_55,Descriptor_56,Descriptor_57,Descriptor_58,Descriptor_59,Descriptor_60,Descriptor_61,Descriptor_62,Descriptor_63,Descriptor_64,Descriptor_65,Descriptor_66,Descriptor_67,Descriptor_68,Descriptor_69,Descriptor_70,Descriptor_71,Descriptor_72,Descriptor_73,Descriptor_74,Descriptor_75,Descriptor_76,Descriptor_77,Descriptor_78,Descriptor_79,Descriptor_80,Descriptor_81,Descriptor_82,Descriptor_83,Descriptor_84,Descriptor_85,Descriptor_86,Descriptor_87,Descriptor_88,Descriptor_89,Descriptor_90,Descriptor_91,Descriptor_92,Descriptor_93,Descriptor_94,Descriptor_95,Descriptor_96,Descriptor_97,Descriptor_98,Descriptor_99,Descriptor_100,pIC50
0.2904619622152592,0.6344426613292082,0.043906066477134464,0.0037804862668319172,0.6889784103759204,0.022533261113444003,0.6104090299051098,0.1708016640387603,0.6486428958260936,0.04437958271728215,0.9747890167989925,0.08275420692414248,0.47020461449270323,0.3206491187207462,0.2013513153950579,0.5923744024880233,0.3722927521117241,0.14191705212994055,0.6516539714240681,0.5428964806847811,0.0751378229797165,0.3291725812929035,0.779542652774434,0.7341792066043156,0.49836630576185215,0.9362942993538101,0.2912032016228472,0.1922450602891571,0.7298491109369268,0.9425739532430439,0.012749371757455386,0.40458720272917537,0.7373177740286435,0.7708239211119307,0.8160980537630141,0.1348317954352649,0.2734930134847666,0.43886020927076885,0.5783053536480481,0.5464128483179103,0.16431467208439943,0.793710855738099,0.752166852405659,0.3843839515787929,0.5442639750094987,0.5263486951441945,0.4537210662142751,0.005649508113057311,0.41803642808269215,0.16922902020325226,0.8185704815102771,0.0028394545844607766,0.2638255695166729,0.7030986351255756,0.5059652028467898,0.11604093198165333,0.916230385264772,0.11177810391753518,0.8374243329095976,0.34828190643018386,0.2720411047966754,0.9102679389833067,0.7147925680966246,0.6109022161597547,0.19403532834119508,0.2500368595626855,0.2544712736836596,0.23668268570554796,0.4120251727006963,0.287227268921742,0.27274144093948194,0.9947590158900833,0.8615397508001121,0.25686615098620735,0.3459475450953081,0.06160097289451483,0.9926498347710245,0.6737953601573915,0.6075921946612332,0.8357992480697043,0.16847754943551208,0.25834560505007764,0.8237694135213797,0.09007570674959409,0.05903694273407256,0.9620965405476282,0.9922917325634211,0.7420773243099799,0.8557463421214158,0.33323272332985343,0.24357839992118913,0.49619579413735015,0.6625578662182426,0.2153225471592325,0.46878433686470367,0.9485100601641738,0.5010974221428859,0.8897651552131666,0.21440913804593453,0.9892315462062268,5.5790228954545595
0.796259332138991,0.9097950866019877,0.3254933763442094,0.4668981856445672,0.6847294193557412,0.7795913795171849,0.10857820546840802,0.10574617069225123,0.8482881027682642,0.9757367534269771,0.09517713945542872,0.48858571080181834,0.6636256885784994,0.2808830138320514,0.014115408652769945,0.025383061482478708,0.03517423647674356,0.5589674073115283,0.12753368826199551,0.3953440740835711,0.6586619175554771,0.5455313260995132,0.8416081791415451,0.1261112974687002,0.04707299406613885,0.44260515641192344,0.5642719106236168,0.10072704670906985,0.011735179444168686,0.7405347589941725,0.4404323369089359,0.7835010773930132,0.3665946761828198,0.8244961479480654,0.73440238234282,0.30108751573057135,0.6856000498762851,0.7118134543504716,0.9091835452562627,0.8459167188827642,0.8254910653262971,0.9190442563926093,0.051653662622831,0.6801433763190244,0.05493545155648305,0.9976065407671967,0.6659001486668553,0.23237245966393483,0.184640559017051,0.6790780859846443,0.3241699978331285,0.8341276838713675,0.33277096385488547,0.6308159322578762,0.19240487764775693,0.41422180620262383,0.07399633159483288,0.7678198665630107,0.13946767388886971,0.4119390281203559,0.7068871525304066,0.6522735043284796,0.7162569405293541,0.7179255808180671,0.5934380203334706,0.6915639187042787,0.9258129715550256,0.45349418484350545,0.15104009770520777,0.825571152590101,0.19372048390868324,0.8189028792148115,0.2581115591960731,0.3954342577687422,0.3544019830855254,0.7435549016518403,0.41677588638277085,0.9978876802396389,0.5685980308027098,0.009158045059979636,0.6334804243023588,0.6180900534414338,0.021261497800939444,0.7917181834180648,0.3444453721474662,0.9571167470208898,0.5635621070666438,0.10821107587371159,0.45742626350089344,0.5273667125941297,0.3372614980217211,0.7506385199054438,0.6990372628985131,0.4871153240110808,0.5256550360650374,0.0218350830559062,0.11735556461175156,0.2783454120173229,0.8133951357343832,0.24922478650765,4.668702834950606
0.853167956953649,0.44419974107382754,0.048051022203612126,0.5812383586322131,0.4164460459840341,0.45517320148175155,0.7485647681279528,0.4889313372242342,0.9890400479396475,0.9867739253392024,0.17681274246709888,0.6592890009645981,0.4383308078925131,0.09671038185139036,0.5521113196778153,0.3250748815442438,0.0668135114531151,0.29784143621940984,0.9648400049670289,0.5634462581606351,0.7536263390851954,0.6736746580947941,0.7310963710406035,0.5222971485505153,0.9587732516883072,0.18368321281566968,0.5375824913612448,0.0929305984741603,0.8530470192628615,0.6327500894146116,0.5655432729190919,0.7169958268269089,0.07626188211519136,0.015241145962942126,0.08057060039739383,0.7884560106475131,0.025967571103329257,0.44672400722435057,0.21872865283357423,0.9293266613642391,0.8973613362222185,0.4876447635947513,0.6822786903134641,0.1463939703955196,0.9656784432695685,0.9066914298406066,0.9869040004592057,0.17028398902172692,0.515334291188824,0.5941182535485009,0.6466882927949565,0.49351443160802744,0.2505418162385339,0.551164579685811,0.8709929073668778,0.9372805889927752,0.03311081515750747,0.39502478703503163,0.46026697492393953,0.6327145495945552,0.6800473113616409,0.2649397020053148,0.4001780607272508,0.7495299197867524,0.542573003269889,0.8474983451694035,0.2854038512224112,0.9862588771449845,0.8125904551452136,0.9209687759830794,0.6294824759646623,0.9855550941630318,0.19768358711581602,0.25035635346994023,0.7610310533815206,0.41607904284811725,0.808299550230822,0.6410977802060072,0.1729096735036766,0.27167789713958934,0.8230263341463352,0.8280916974551805,0.9840006525604141,0.05424187509235101,0.8540598504856504,0.2831558992653771,0.8973121173680796,0.26826152475193843,0.786412238896911,0.29151986371520455,0.12808861177731246,0.1210531379058053,0.6683652550599462,0.8722215360003078,0.22808057607467347,0.5131167530118484,0.7002813272008227,0.21986420531072948,0.44029750755855224,0.7439655737492084,4.4594178454995514
0.15218552434817012,0.7116252825256921,0.5928778196454316,0.1432908763800108,0.23231380639813792,0.7500511935503581,0.5339145831578805,0.29248844926525963,0.5384364237534902,0.2530454283088952,0.8938624066613337,0.8760380307810285,0.7680393439379941,0.7770224759722321,0.189947243354467,0.18745674490971453,0.8078333080573612,0.6115871273968219,0.701916292450393,0.5881945587005549,0.9856127656095024,0.4413204570579321,0.21347488563556805,0.9219357900932634,0.8475916225453005,0.17776759015012855,0.7868914017704105,0.17250410876473643,0.950761542515408,0.9068340945217135,0.3930524652538876,0.5599767211197624,0.2934048915672621,0.04628421746979838,0.41852612130471534,0.46659853660066253,0.902798409932193,0.9126088473959334,0.6367782710228078,0.3506308849546672,0.9194329912841239,0.12892317443477042,0.3086462452611052,0.06802080695047052,0.09972185259739985,0.06502927915508627,0.9080207770463186,0.0023503257586513504,0.5856896303471281,0.7954390854425891,0.7399619647468824,0.7676043406917384,0.3079127512973999,0.8308128487582536,0.27488010730472956,0.6298956034157182,0.622010464023523,0.8565707662269866,0.5762846180335375,0.2983560422825321,0.2805162644979631,0.6660989487197992,0.8085733513011003,0.33561010065154384,0.14068831521484904,0.22855462551584238,0.41744107961146926,0.5069773687005232,0.6528082001591666,0.22750155956007112,0.7705542174983118,0.7840736651056089,0.2798335384890901,0.21936243030007452,0.5574102885349786,0.16574094660232086,0.1479327960822927,0.26877939945882046,0.6276855191268428,0.49932044319332214,0.7253631606412108,0.4645130025857789,0.5418345166955632,0.10696325098339543,0.004959479176545267,0.927950402298022,0.6183061416998611,0.9929891415819792,0.6111101721421064,0.1323417764316155,0.15020223489931317,0.806590795070779,0.39239173685357787,0.037338850198039286,0.5190973849306922,0.9315278357888507,0.40364733458605184,0.9447634323966471,0.15782853412685383,0.08654413720424259,4.483142676506004
0.002016984309017089,0.11424050907474248,0.6902750825094223,0.17754900179111088,0.5005359425468541,0.6500734016758367,0.0988420439751918,0.6359552588351208,0.2836293763596691,0.8539310654230069,0.39594206660151576,0.48051666482634303,0.06062009046532535,0.07691945947493395,0.6454698569309053,0.20458597741616635,0.6294634100681433,0.4414491199799099,0.30630948327445573,0.19251408482010457,0.9012896086706694,0.6227209773281442,0.6788206637479529,0.8193475102467295,0.9137882391396837,0.9821665961342486,0.870309196341159,0.48134621256981514,0.4217012123683904,0.2742223598202286,0.2705437221643212,0.471492791552642,0.6652019302258589,0.27108539819762434,0.6363861517130641,0.05453565488769019,0.6869758403269554,0.5354740506707837,0.10247615620457928,0.6877251780820655,0.7084361712603635,0.6502468503785819,0.4037328742818701,0.9511257985180636,0.706849975541197,0.1255793665229118,0.16009649302829665,0.5180412313807646,0.1546699614080812,0.4783679045593616,0.5205601128295878,0.5465385535029801,0.13815596371740957,0.6575767352910347,0.7623437929512068,0.39268093777551893,0.35667365012315866,0.7030506019507046,0.2787284344275708,0.2675449119820925,0.3593678088225337,0.2275849028374448,0.09858098309599372,0.8753789539685749,0.2714554065160427,0.9698698283298031,0.34564391174192877,0.5548901791516728,0.18587995697671356,0.8581872399698335,0.23629312674343816,0.5988637656499337,0.561439791771107,0.4206155414054361,0.7566246531367824,0.2138283077628792,0.2207339370623962,0.020781973829986478,0.6790624646959389,0.3545008765318868,0.12363668022820695,0.5182153045606449,0.0670355286078328,0.40137690008448834,0.3752117536513824,0.7941570177124389,0.37294667829907147,0.8654269585506602,0.9647435837272224,0.8781998205330099,0.4567224894614761,0.7110600338949841,0.5824329832081953,0.19869587597821692,0.9788817217814471,0.8089559612493923,0.4755084901422131,0.3278118953898387,0.6802615832978034,0.9758916233517665,5.374817874163421
0.3353642956485313,0.842522055612015,0.8187884599304652,0.2664322233392846,0.28822868648006594,0.7645757306247344,0.7169799450577639,0.2633124102108968,0.8676203586443716,0.9436590489087365,0.37519358501104383,0.711652940943324,0.4453433025753578,0.8449589498478707,0.9685244504466713,0.5545274667903971,0.599077408273738,0.2572021888878053,0.9633382047308082,0.9952839325809316,0.5179058878449356,0.07974061421953216,0.01817399157280597,0.006032788526628807,0.8327977230684304,0.9652772503468536,0.7192308872021927,0.06800786605879783,0.4441574600019026,0.9302548784548508,0.4067497775451463,0.15311157499015715,0.6344650616673113,0.8961408431267619,0.5484650483960265,0.9817623110664102,0.9315184984660961,0.2989029969038526,0.07149576325477636,0.08071538752280416,0.5600509381330616,0.8970145242553431,0.6943217155484396,0.7388786658075972,0.3953643765387115,0.7925407431257798,0.2879817689146148,0.5618743222911379,0.07172877774691666,0.7931252037039003,0.7666538812302077,0.4007324468873483,0.3711351800965549,0.6720959513094807,0.5489887043525389,0.4779245529494649,0.6691359070877061,0.6406200833716854,0.4430646210497958,0.9359486132565701,0.16551329181966679,0.2642572307824066,0.06128812748687251,0.009962598967215297,0.5136216017692304,0.7212660310409332,0.804873880699315,0.7585983472950373,0.3039891761887966,0.41334337672688826,0.34734695888674105,0.4703054798777834,0.02261446057703731,0.707128142626705,0.6253451548942287,0.6635708761372884,0.019984485587320577,0.16407237687610643,0.9127270963125191,0.5514020776095664,0.5361714919779526,0.62122653234594,0.10454300496107305,0.8350592148888146,0.4393332840598486,0.6851994670943202,0.28363843454870874,0.6730440372633909,0.3138874494668391,0.8808439759210879,0.29529282750561137,0.2931358560929168,0.23774492519325496,0.940609709685048,0.7957458206086093,0.8543926180069734,0.8331380990403462,0.4572078704977456,0.04081605317669401,0.4642705561324143,4.574827963498705
0.6323355111609994,0.9268998009377721,0.21857910442150252,0.2716090092346548,0.30967950819378043,0.8524442852588706,0.6561447076549318,0.9264064371814885,0.5169636761637171,0.3647727083558272,0.4838340319139274,0.3540777543417305,0.13630147297174888,0.8746406915947628,0.4397465989715341,0.7621230708324963,0.8512041278100396,0.3451204298672629,0.042081515216765286,0.06519296032824617,0.5315779144903088,0.6419592477769641,0.36215029994443704,0.5770246414606863,0.9187532411810622,0.22170957764278787,0.6161432852111616,0.07802284544198779,0.8296600107373916,0.5227340471629066,0.7843525320458725,0.7866326664860034,0.7309177077914837,0.8588467144144314,0.8659994744430319,0.6001822681164971,0.11661649395085083,0.7115590835741866,0.7867278372110277,0.6090091989743407,0.7710286329890602,0.9533459255805722,0.4055669454054348,0.3563753499516915,0.7367335497876851,0.6089094945542013,0.7242655811052442,0.9256035358518135,0.6137582995882148,0.08969608600816992,0.7626478289315004,0.8145409075908595,0.9128567189562496,0.5311299870010412,0.4839826345350958,0.8551941329487576,0.9623516772700059,0.07386246414372322,0.07226186841720827,0.861889541458699,0.9786906668337721,0.9934860953087451,0.6890917081635382,0.07498477583365815,0.1411632487554374,0.6159874479940777,0.3153663328763603,0.3706870056228603,0.7509066256236141,0.917822922357087,0.29690318704341556,0.7140008443163087,0.35226139225647046,0.607690318751056,0.32466429507483985,0.6557166036925768,0.8648663293436601,0.4381289534782784,0.6506623728528563,0.43392159203089764,0.029324707146460405,0.3282631854630361,0.7702564179084167,0.45349420033426724,0.18582055858255486,0.7119320592909606,0.8740535568609581,0.19215401746890548,0.7960377219168215,0.1698803587666835,0.23368665220829665,0.6179957845003187,0.17344905338663752,0.01030110411823848,0.6072873935801314,0.3242530751809872,0.18049504402038774,0.05756666923847664,0.4505848584728446,0.5110527360393953,4.9403939123014045
0.20669616178408878,0.43507520849151926,0.059159868262511406,0.0015379208100740893,0.2872522233430751,0.2978327486268064,0.4809849382657677,0.13113389631619765,0.7142627130624042,0.8110567975068602,0.9362446473366483,0.047824587124474016,0.7626941263454086,0.7833608008961999,0.308495592937037,0.9595896187781616,0.3975617546152823,0.5819430473295693,0.46860245200911943,0.16762163328854218,0.6828953144864592,0.8653159781898033,0.9104002152659763,0.12487824559849003,0.7639475585668541,0.7689305658795527,0.14490198258732623,0.7494434783835456,0.8719608949519985,0.17389329342847548,0.5469363934476794,0.03524505468545913,0.9542710781415352,0.8951572924581408,0.519923558774068,0.939274358196382,0.5130963614338858,0.4443874619987702,0.12865432210817518,0.9086137166907482,0.9686652786739355,0.0694977765260909,0.43085410340800856,0.6681702812850407,0.3648261188828207,0.6037023370644329,0.2952150026076409,0.8823095180303773,0.8303629734791367,0.9290074198998581,0.2958184298374481,0.9790974933244446,0.7869687630648645,0.008166123671509928,0.7143729389240697,0.570696619006922,0.5372115740790673,0.42707329306527897,0.27767251381778135,0.7718201457613957,0.9243351877620167,0.2579895023419533,0.3335056130098313,0.6432490825157158,0.6767205268040078,0.31895615190224746,0.8171959500170791,0.5404577788258368,0.05965577266762856,0.9299864874616554,0.42507137959535235,0.22049177553237753,0.19941362657641704,0.6248011351236641,0.0006616214988951485,0.4356399303281572,0.6349991679136316,0.13173342658384546,0.5153510402990898,0.7866564013668736,0.31581111273152895,0.564121680108981,0.4996783614302509,0.3854701338198191,0.1402784438941751,0.69512394396434,0.8566050260281785,0.2593650171737668,0.4967740312565797,0.48309023828898556,0.29053873661131413,0.44922567758481935,0.13514906290073914,0.7525141294806947,0.7866553335633417,0.9454948661989003,0.2678273244684577,0.3609563173583671,0.12089979934472761,0.2572052496199564,4.951238127698187
0.13903953008411296,0.4757473332988321,0.8615955353068757,0.218304533327201,0.2177578991158381,0.0017975500883047335,0.4558153171346562,0.06029941970298003,0.012224599439110362,0.6637549423263488,0.18295615324127668,0.24244757081483959,0.17740234580967196,0.8326011656048486,0.6474021910451173,0.6062932294803979,0.9735581593429816,0.7657533275725645,0.7316359663501997,0.12331062549602367,0.41785530083288025,0.9343431811315615,0.5578453871420329,0.05451119056548037,0.8348225144067832,0.06089605068866022,0.5848126999492564,0.41952612982314474,0.8976611672838158,0.2885460691739068,0.9529174422492204,0.23432548810084053,0.07697633836830686,0.3440896949676818,0.9049207264545893,0.3385627624012194,0.9597564409165973,0.3183642991357023,0.11542176177795882,0.011952199427105792,0.8797375194531164,0.8356381290620069,0.6347270435019702,0.114911051985648,0.08914782746355576,0.28995161923494617,0.9672220277081194,0.4652981468285188,0.1654914400305204,0.5689392998497125,0.3692185141672423,0.738542677334835,0.5763843970974981,0.6169450449579352,0.8302570806236547,0.510274905772702,0.6487739868892156,0.46671488727967725,0.09125883883413999,0.23268877375755292,0.3542242356492189,0.6483889580854222,0.9326065884108665,0.5643302447116916,0.12451335057601354,0.9105662935285264,0.8984768147208801,0.9604226290690179,0.6257492472528067,0.30516073112484,0.30586625451419824,0.43056903274794533,0.37310551302673045,0.770670044547723,0.6818718898984932,0.86511176985005,0.2993395743832139,0.07270454148784877,0.6671177010642625,0.23137520806112566,0.9567320072332404,0.5929179943978699,0.05658434493598874,0.10591461055019114,0.6145076166141104,0.7731737511503045,0.6354684900078782,0.5916820268687624,0.8069717747706321,0.6304872053267577,0.5330974512975287,0.6354792588037278,0.3497481119126167,0.8867875049754259,0.9546835462134646,0.7854917231557778,0.16644331856257166,0.8915872717783966,0.8417107446341844,0.009684502772268955,4.503236798797596
0.8406256739216021,0.6401739634720658,0.4451159792537196,0.16752465972979913,0.032151454602891816,0.23470128313471683,0.9070577390517612,0.4536544637462935,0.5216883196470686,0.16717131383691874,0.15889073207384974,0.20509300959356958,0.13087211055903492,0.3281944700655802,0.6381439445341053,0.6407700264572845,0.3248577410869845,0.10851114183497401,0.5177203354104566,0.9799415928560644,0.1928636544271758,0.20448383662226566,0.5661988604777398,0.023197933002736426,0.9370288414470381,0.9249392573477513,0.3491143869836256,0.6089944554933197,0.9078809212456617,0.07411865122855354,0.4380134761834654,0.6054698303415209,0.6589434635405294,0.12339827056692954,0.9812060336184623,0.8486773224588167,0.821592114601103,0.6669112807693973,0.3777153481228652,0.9083843501774828,0.9505672770648537,0.031229816808047484,0.3729887802991664,0.016469224793783543,0.8818919739603986,0.7830161391582489,0.05303535125325376,0.18764379495233385,0.3456519038865079,0.1936404313334038,0.038578899422593294,0.223410366279453,0.1707461226974334,0.49802950998551576,0.2317713258112336,0.7390576363660538,0.5139834505797249,0.7440364882390891,0.6131361920497271,0.2728615646824043,0.511114376631376,0.387870039313681,0.2934611398955851,0.9118870274878168,0.49565368693523393,0.3441422104255819,0.6616025685753826,0.3187607224846005,0.16628564581789052,0.3419640428843147,0.5232338607615834,0.7088775449383103,0.30767350043374964,0.6449708884617087,0.8899840170172945,0.5931533519512526,0.4286998185243813,0.7036209906755497,0.6103258881012684,0.9454083276205099,0.8512879872744021,0.21404396117425717,0.5041841557590533,0.4593115184577736,0.8605819865587834,0.2304826360318879,0.8594775428823868,0.2899298521758581,0.39499918304937043,0.3366783628656187,0.6677469111202906,0.9775817870306946,0.07462654799527757,0.5548527538076081,0.6294309852407964,0.7084950651050562,0.5872283792977336,0.4084880713235539,0.4839368907598015,0.6297151645586908,5.052748119845504
0.6785092127375427,0.45792290314825557,0.39374620715156505,0.7330399498270166,0.1845482640693379,0.2583711084358564,0.7790784340427465,0.9061549548975075,0.16817024358183685,0.8338890469369085,0.6094659640046042,0.8799253702483127,0.5477850078903579,0.6406647568801055,0.08562262804945453,0.8906382481971374,0.8289527031599601,0.7563117127982686,0.05183916134526323,0.3554027304635363,0.3473874097271674,0.8941037682002368,0.5085428687243093,0.13018449221146255,0.12832744900114423,0.08197713259594597,0.26186838897386966,0.005616420939331124,0.3840198340899682,0.02539473772191614,0.4632179295154907,0.9136923685108365,0.29054356168104667,0.9590477233400806,0.8520429598461476,0.22006245135900693,0.35937962251438704,0.9388685917609672,0.4122797719147405,0.8219323076215683,0.03373342073418839,0.10961601708979096,0.16858684128693424,0.3938792791041633,0.13677841936620616,0.5690489877291044,0.09845171353787485,0.1227653201386475,0.6230632147920219,0.4909421156680538,0.030641310802363764,0.07730727119103997,0.6559525012288733,0.9763047084724089,0.9493079197130009,0.4785591443620546,0.7033564471096722,0.946920477472843,0.6775198207833996,0.8080738604850963,0.8316095682288838,0.4615004213139332,0.4093692444145649,0.6699158963247022,0.8598758523056801,0.06268388549968518,0.11840707366415892,0.6948274347262419,0.5712319675953073,0.5112947418210085,0.013562078135922806,0.9949469368267718,0.19022775072890208,0.14529300222536556,0.36887258201114614,0.2446500692931084,0.5357580592888177,0.7872367975267979,0.7359744788699172,0.758343594057593,0.37983525089170744,0.9633943830335242,0.9430473609452309,0.3476615195891578,0.8256854995528615,0.8865545867768998,0.8264303936884709,0.3237113394390736,0.565999855094144,0.2502276329329294,0.42975317057781137,0.9542848015751794,0.6962929097338901,0.4408502380012478,0.08676881477240272,0.6897838379410403,0.42975407203309013,0.9742729619512814,0.31590738179740885,0.4517828302641663,4.741070772227932
0.03248421232997567,0.9518262023309814,0.1790642316147386,0.3895187170784714,0.02761308293390563,0.3216023770195683,0.9810672998616425,0.7068836974101416,0.8213961839245127,0.1543465989839874,0.4492382939694597,0.4289036899505789,0.19909547619536494,0.3522087752968118,0.897082892290272,0.47684599296202856,0.586326550635815,0.8619836671975716,0.157963979641094,0.8359416964643651,0.455259900842511,0.4451888778538291,0.5066129485735101,0.27099632983006816,0.3575176798760433,0.9717078636739175,0.9863309633841134,0.6817815537311143,0.4615717412493353,0.1940380001202866,0.4313729927472023,0.002091029050700244,0.12319324944995413,0.8899016359988957,0.5072654467978404,0.13752362405469487,0.22121397782186503,0.04537216741001748,0.7265612548690407,0.5245729959264385,0.5531912614655341,0.8955105820911398,0.5371277020580765,0.9900707507472574,0.18221799516265968,0.9091078945996348,0.0015153512228232024,0.9894813214669698,0.9838057823486676,0.816979441282069,0.07857410483391536,0.023677821884114603,0.3756047412049558,0.7290856809000151,0.30955093211793605,0.20567833016403225,0.9674239540283237,0.508958683508622,0.46605051448634105,0.12074035251856652,0.9725013701190771,0.948863162865906,0.5280840021939948,0.5222327110373878,0.22626327264835555,0.9218677030902652,0.8961552358453795,0.9348918053556264,0.7290647490209335,0.2560533207109078,0.09585142817950365,0.8440680905537232,0.7294883035050814,0.0970488840103263,0.31173208139648645,0.5772766777036554,0.24005386144002805,0.38021394521907437,0.8313691648760577,0.5301241207743461,0.45093836401489307,0.7166221124993618,0.05293735963230617,0.8055456707957158,0.2343104753543187,0.22988107918154788,0.7496881818121741,0.27816770007395564,0.812891889046312,0.19920482399380735,0.2366239191425732,0.4057119290338046,0.9699047421363978,0.4812822001791601,0.14456029884869104,0.12006370714080195,0.08631091822483572,0.2174591188610473,0.21798616678924543,0.03473423586525437,4.359044974236267
0.9300067429673246,0.8291035076261366,0.28529277253226526,0.2663184925806592,0.13781507973876217,0.4739295319950352,0.11369665536032869,0.38207951112908145,0.22383569433015937,0.6253524652825927,0.5152089229723573,0.06976094781195952,0.7506621675057535,0.910375675641208,0.38689723663378506,0.7021887326090938,0.7734802030822245,0.6848415253939105,0.043956381330237604,0.9229963513357176,0.3868878704829558,0.2874319517872822,0.0021602451113519328,0.6549364666797587,0.2054586788168331,0.21834549766306144,0.25728552211766176,0.40906854737510745,0.2519320733686117,0.11932161692412702,0.46832738974919463,0.8165105018050743,0.30756985349512644,0.8771069137452324,0.6666512915398154,0.4291588476477144,0.14723791052729773,0.7038479746205226,0.31701854813505104,0.7928561364028008,0.9591518728107713,0.49316332622828785,0.07092272610367345,0.37174784890887447,0.8748654675412834,0.686608710016098,0.8926078779732229,0.6843394582879233,0.32263465263817215,0.7521166621650229,0.7133016708015085,0.4496953482970657,0.9313031196791335,0.5578715210304015,0.044447736083810474,0.8493227204477128,0.3330622942959607,0.8886419665778916,0.5741472456831056,0.5731202225444123,0.9549371555285749,0.7798198600830163,0.8470229367014012,0.09258030505130388,0.1924253360068977,0.4473074475104635,0.4207046839061267,0.788868358921734,0.07022198979455319,0.15665189667965274,0.5398736585818766,0.1945415822050458,0.11940570053344701,0.6156520895236889,0.8904389979780176,0.3897593576134165,0.7851908046890443,0.359758073774907,0.09698852569125982,0.020344632350121183,0.8047395891521639,0.4247253392242505,0.5759550444706885,0.12456963619765815,0.052425533693913784,0.5337088710025806,0.40251574603766216,0.7011529275865838,0.8222704582478827,0.9583887242035842,0.7460343045843405,0.7248274322467532,0.9530702027539317,0.0041518307115546715,0.8251839156535599,0.968233234373877,0.07477031117848598,0.7868380340522662,0.14832930340977712,0.7553153352897335,4.344366611909769
0.13596652135508114,0.40254340373510267,0.5035630505939774,0.36096441064470297,0.7122548577328545,0.21460788890508642,0.0756476942206139,0.6741972944559319,0.6762977209276625,0.5961023047685392,0.844225711847721,0.9033409848959075,0.6238776941583305,0.5560855321679574,0.7857510042427897,0.4757787573786578,0.5197413727222119,0.9279247042423009,0.6875954277272276,0.4657102229693436,0.42728792135956306,0.4065682125350175,0.9001946045704411,0.4380315018314086,0.7484280351706537,0.4069147534477403,0.5609759320787511,0.11114081741575799,0.8626372572995764,0.8285009883769399,0.28986013508007147,0.8593435071415948,0.849761744868475,0.9153983192946169,0.46075689792683105,0.2264677832332781,0.9571904110294353,0.22249175466220983,0.10491301728781399,0.8451522959485671,0.3198017992765171,0.34062990548738314,0.13228334513483686,0.7302501046267743,0.24823454095116282,0.7887275891543579,0.7779199835548871,0.7928899954137396,0.0207835816068197,0.23468504817972347,0.6623426147141382,0.34870438194588305,0.7632220367304062,0.3063779754781787,0.2685039016916586,0.5503340560666694,0.07253136000053184,0.6647137691559898,0.3589569086828879,0.48593991918958046,0.653057162534174,0.3566972445758011,0.4096612149720159,0.5791138288349018,0.6775360311984641,0.40788324108757035,0.9397039559636184,0.079319486915152,0.07482268548207771,0.6350440315527311,0.19090930180118537,0.6061559543328119,0.7655006446271094,0.7440224472545706,0.1252076130301919,0.6422704444739045,0.15901435917859985,0.9609949263888341,0.9120639026325391,0.3340434997611176,0.27785597160831454,0.2839663181729045,0.5900259126762963,0.9757347684871395,0.9271537785797427,0.3203200088229382,0.1899818613212484,0.8201367029939173,0.7883749765293326,0.19771602678308708,0.6638000943135679,0.22072698543120461,0.38123329213534507,0.6813761457024274,0.9333039181282416,0.35351081370769144,0.5861011451562717,0.6163342988870547,0.631772162067125,0.7034059397492148,4.483240506384176
0.5100443704023007,0.9022229985891576,0.9256436375282695,0.7844983531696043,0.36582026723649985,0.7627943211128261,0.7573890027324749,0.42566932997307416,0.008412536124145276,0.5986588748954114,0.8500178817008501,0.9708680975560011,0.7199660032903887,0.6636032195714536,0.05117390946545275,0.927984493931057,0.34875339180658815,0.9870965531706803,0.39668050993689863,0.8600765797105768,0.3936765896633173,0.39268098673766805,0.31513963928447064,0.018678761000423982,0.7792041738816091,0.5520971709025765,0.5608183433371421,0.7852516528293435,0.039000158209285596,0.6752441605140588,0.6529079537349597,0.514730522295898,0.1278776169083805,0.6128816443176458,0.868241614010212,0.8981666446863296,0.26398027750236874,0.5483891007455873,0.012130809984500002,0.2660801885644575,0.5057935266811435,0.8753550935056286,0.16143600721051243,0.6733799653258732,0.006186222155188603,0.8186870178128285,0.8791562346794225,0.15442257286039096,0.5462301003736786,0.2917976900529323,0.6108687484924552,0.19061243681603168,0.2593373402749607,0.6624727122212702,0.5823116308819667,0.010992128319143424,0.27000532752886686,0.17926376377541742,0.35877845093780614,0.31536963610555535,0.9232348404585815,0.06016715504586656,0.4668390473650976,0.2455472772498858,0.847941394524959,0.5903055701792718,0.9726125140613788,0.21843004517433884,0.5419594680430758,0.8437836264661921,0.5599827780675213,0.7285846855759143,0.4858954864573862,0.9125404132564114,0.19662302830538614,0.9002752356920173,0.9464437099117619,0.5897117745314562,0.32935270316507437,0.5336634444823067,0.6802231189736222,0.11297647409352574,0.5700322148576885,0.4105496450992383,0.19583975676822274,0.5288401623072831,0.4123425865132264,0.7607357248604669,0.7285901425691111,0.7053916697172832,0.22500237021716674,0.14830145714241816,0.09908955408178777,0.46446679184887674,0.7658797545659479,0.3874854965579617,0.16011669720723598,0.31112378825645315,0.02943086893200042,0.18200644107814046,4.374305673759542
0.690057046505793,0.7333150413100914,0.7674594499197304,0.2701752924902373,0.548179325491864,0.9311336004968406,0.3259711814524513,0.4914483025099058,0.8131766650890794,0.011755053898997225,0.8468240321764954,0.5310720488245207,0.5098895412750044,0.8709829671768302,0.6256095999594004,0.17269801488358694,0.3025393341418461,0.9771398965877981,0.8609220776441688,0.7333636774179823,0.06418392347229607,0.7398849940749855,0.3386602015268956,0.4154504278652863,0.8504521997530545,0.18307789746899905,0.8809127342902132,0.2705913356575892,0.3948607458988871,0.8314610937243053,0.42754122946871786,0.5449374216176507,0.5389338789322126,0.8022091740722398,0.298491928453807,0.6520878160572441,0.20916964577128594,0.10169356115493544,0.1419457000588601,0.6625837713483673,0.44152420419949656,0.18521937959326829,0.6722773949841288,0.7645902582462025,0.816432513408189,0.7265018929189501,0.8294322074471923,0.6383517030575292,0.21223714386343784,0.4829429032512492,0.6418342016402985,0.485389659149951,0.9254146207939407,0.28928157127018117,0.409019350123229,0.8884806965413652,0.5765324647338899,0.15556362912143662,0.7230201230977922,0.12307256638112041,0.3614891354533448,0.19799202539767724,0.7389454944481475,0.7655514025361848,0.7426367156996995,0.9430338515595579,0.5748043567615939,0.6047443391512446,0.46386648199696257,0.9293606419103854,0.5387793110485833,0.3772564945230614,0.23670424088351216,0.2900197662397779,0.0222231385669438,0.61366938094714,0.3264650800469797,0.7229705958518807,0.9469588013468203,0.908546876303301,0.8781498476819385,0.9496362657211254,0.24084882421848997,0.6042258834201785,0.02900486842889438,0.787318249702143,0.6900582994320901,0.808271113466798,0.3528891582259652,0.20018720467150863,0.4870937513808926,0.8372496490659236,0.5528422507740107,0.21617464120945729,0.06342614184327233,0.3848755670651507,0.2903238593150018,0.18097833092621918,0.29459403496768066,0.2077391738114428,4.600914843958316
0.27767646130197143,0.757341748973261,0.965615347378434,0.09502781153106499,0.5888465946377262,0.4561830392514876,0.5967289368253487,0.8051326400459266,0.571114271244869,0.12301489714508229,0.6789357958838037,0.37068474731654566,0.4557043133034344,0.08982738228613596,0.8237498956193907,0.9167875019339893,0.8668558270635196,0.8859231449244885,0.8016901768177307,0.049457164959744615,0.7323738217999217,0.257960076662064,0.6418917171077367,0.5363050036836308,0.6359066308820406,0.44301377831911126,0.4158085478592288,0.26192548850213926,0.32705326953633795,0.9172991612131894,0.46523587359517626,0.2885395447957727,0.9316143240263498,0.5278410953541286,0.17629275074775208,0.07293964160719557,0.6230330341445625,0.23218379628970687,0.8675413834687324,0.4130866067701524,0.28873728819329714,0.9783140625727877,0.47202948241714937,0.935624580338689,0.8505957212398069,0.7673086078745905,0.47884325477011147,0.9060478491952307,0.443037518468103,0.043240236576278956,0.802692432666338,0.3500179903681704,0.18819822227428895,0.04748015954681317,0.6043843927084401,0.7342318821693017,0.11046439345245784,0.9487327218202463,0.9224881449166205,0.6173204017335558,0.7090593094113725,0.48626186393936743,0.9223172231540595,0.9229693124521658,0.9519127887808879,0.2153851755257853,0.5631595415471543,0.6432130365242251,0.781319854137474,0.7962629329269084,0.5834313160803579,0.5420282396235583,0.5339873614532004,0.6423778900407694,0.7498817896442926,0.24427380661158926,0.5207996831909452,0.38916287435431585,0.652323693847279,0.05669398562159267,0.14109384820339943,0.819825958153775,0.10693415325105682,0.3273964241506111,0.38982774444159685,0.7766887511237496,0.040369500910693024,0.9109679484080231,0.36888603795838626,0.60626724311955,0.4074121168401529,0.46243711650038566,0.8644466233467488,0.2135235201008343,0.670601838025232,0.252359133315575,0.34152551759699346,0.9821870383947948,0.20123544898552514,0.6994743833821936,5.192561890589378
0.19638541366272422,0.6530597994472185,0.5668047005393083,0.2228458461481878,0.3780806903479407,0.3573010714350505,0.10827293067012211,0.23783837709333888,0.5578977062492453,0.2565070113974379,0.6863028196327877,0.34182415966582613,0.8434355079289082,0.5758471698218677,0.7200444738314957,0.7313176754501811,0.12248758967371276,0.9279821351484837,0.8349726214296815,0.8270311149766855,0.5908179205945953,0.5612132985303037,0.011233920185899193,0.2634066341213217,0.9023748891645703,0.9515416649720777,0.8167727359889774,0.42868994808002137,0.43343435294640786,0.28417345126883053,0.6148726449709438,0.6571335360342222,0.45930839034937754,0.5167649558833443,0.278902853353609,0.23880890806576782,0.7894720574020503,0.6858327485102135,0.9750389909703954,0.9663239387367972,0.7797984510475702,0.3493385730570957,0.11762100398814801,0.49127746798183136,0.2061593487887543,0.5307158887569576,0.9187953066686156,0.0786263693021646,0.9890618150343267,0.45873995941987067,0.3368516040326188,0.7517791548320287,0.25821245400731063,0.19809012085997135,0.21694058728969312,0.3613571048612262,0.40900290396991257,0.9324868380140613,0.27172483855647045,0.10516225338375573,0.17372644595110365,0.6383163167364899,0.9521978322036107,0.5817166128613827,0.01827644067902101,0.8437878730399301,0.007131654598991233,0.5566661162846785,0.6033155490060682,0.16730070925432328,0.6594892986938705,0.588325846425608,0.9423940787842067,0.18222176217845576,0.5914647652254804,0.7219994612329433,0.44155088272122733,0.16647298727306747,0.5762524418649575,0.5399956426041864,0.5478582956033485,0.6472290431283104,0.48747556013920124,0.2510663354008562,0.766736060371831,0.7735966773919831,0.06435627198464922,0.9643996550910591,0.803352622603122,0.8911292136824714,0.15864229952045894,0.8310131656560695,0.21956941970850108,0.8069585898115498,0.4492953269615253,0.85772142620725,0.5446021686496653,0.1709397218857458,0.19661627367561285,0.5312049581576479,4.338758113572796
0.7256460613450402,0.18367101775332828,0.8573170470961147,0.6131166050602028,0.18168768332734853,0.5905339072971264,0.8631031097303601,0.5311900341276848,0.4715259694896834,0.5816734861913337,0.7398514567878033,0.07530469150276542,0.548761853115792,0.20893931013735123,0.9294469149890793,0.42676702817049605,0.44643266482624155,0.608114419251286,0.5343800629467985,0.24470731038432514,0.10720314533167441,0.8625587218657875,0.5036392585892364,0.3803459176533245,0.5820769502676358,0.07514152661633344,0.6494611164569745,0.5409784377654291,0.1860434481393597,0.2980520995269055,0.5922270513452935,0.7170057415363897,0.29065241627833094,0.9652949051018151,0.7656341300451368,0.5524377660885113,0.9312364279665676,0.9945113970337376,0.198788873027123,0.6721536502225934,0.35682848643530185,0.988557981158107,0.8482637648843415,0.5268593761990576,0.004539013549404114,0.3804682962910285,0.43643742823161813,0.9128142003679292,0.17874481707438017,0.9718184553181057,0.6205092173129741,0.7337678362273384,0.11606571473823912,0.9194756376515261,0.9464495004775819,0.3900366942255781,0.9894236600580216,0.11060023107084205,0.06395557781153494,0.7296503861481339,0.9904672405619379,0.5397295411535891,0.45673096354732967,0.28421589072984443,0.7857234835930486,0.9965212359005872,0.794487654784956,0.2959250428289385,0.9258671864203205,0.9946851841490986,0.4028898976212696,0.7373374022273107,0.9479283967192386,0.4243669831567759,0.4222097725200177,0.15644632192663877,0.45556851774871765,0.9599934808038795,0.5660307028654055,0.3233674732336811,0.3263879116371142,0.5546448524735865,0.7789361964057078,0.6169537334173741,0.43202625304902575,0.038292328263169084,0.3231295094159694,0.9186035807078943,0.9181315478948389,0.5115109316505604,0.6971121240459109,0.8500977468372453,0.5721859869128982,0.19143775860652001,0.8086827865902775,0.3048431285145665,0.42183452582436043,0.37856435574113745,0.6815926524837068,0.26287895197997446,4.563842526230589
0.5381918134863654,0.9139528126897092,0.4238662143938534,0.5485478325710554,0.638640133534835,0.6908007021720325,0.4829882330600118,0.9046244874239933,0.7119907195011099,0.7216755833253478,0.1576027842308152,0.12702742221037322,0.5279486849709232,0.06961775279359694,0.17541247418681938,0.9019187833921649,0.36270483693409483,0.14090988429044982,0.4462522845749163,0.28678440568906727,0.8156129628305023,0.9431096456875213,0.45151230202910253,0.02867635665014201,0.2787963892384949,0.2725532036582152,0.6021275848201232,0.5843643804345179,0.8177039549132082,0.7461966341573323,0.7160228675429744,0.780115706892712,0.7502365094871131,0.7299377431183758,0.7773486598458565,0.5798262482774249,0.6854120870490813,0.9075729643445265,0.21531214649831132,0.4877035753240031,0.23542803754803387,0.1409940760233862,0.47180168102213127,0.045145237468616095,0.4657081680126447,0.5784586893841862,0.5812565244850004,0.41491871268747804,0.21504529896661184,0.4145273802074352,0.9241760283083299,0.40944313084390116,0.0194838997815705,0.03672405140132928,0.6063934400384068,0.6523592185979582,0.8106243891851446,0.6804968183846583,0.896730411282237,0.9009261304348772,0.292028313329171,0.22313086967802187,0.25968842655036595,0.6614976549146021,0.217493623192069,0.9210542319132825,0.15356952381709155,0.32801041149827537,0.11445736781456528,0.22833814687150678,0.6222009747284516,0.14852150653029095,0.23916295310560132,0.01989031152912779,0.5374581701998168,0.19163330331414463,0.30261353975263805,0.4107637789752423,0.5819267222661367,0.47281077025179885,0.10630354345382698,0.6363927732760841,0.2807658016861705,0.1546220436394784,0.970604053681211,0.27379136342778654,0.9565186389861965,0.23803495843607136,0.857630070199382,0.02439914609970195,0.5385011024957665,0.5259635348524924,0.23661484037330083,0.8704841265022605,0.18782519970043465,0.9380433160431069,0.9016163130220799,0.6468763342709516,0.0393795478536475,0.5322557304547717,4.830618523914932
0.20917856181829897,0.5372577282888381,0.35820311791637216,0.8140594863270008,0.21047862479486523,0.3823662357324248,0.9313786803277416,0.9295174846268871,0.3753950877913359,0.02606312397138799,0.7647101609122451,0.19986455673744818,0.8536205148564566,0.41641000370018066,0.27812157584471997,0.10152073204872414,0.5125604996913168,0.2587056024416534,0.7678254807151366,0.6640043743001903,0.025526504111461623,0.2805425172552679,0.9171128703271035,0.1555735036571142,0.4577552726545604,0.6117766320768838,0.7271679548352646,0.20213012256455398,0.4534928401778189,0.22838981952622106,0.27918973021758786,0.5784436549677683,0.5113341890622559,0.5438183070861753,0.14367858765686836,0.4835368303884905,0.0032590769032417866,0.10803500734472682,0.4597766259125424,0.9207434173114332,0.9241140827415953,0.03537229355267224,0.0499442138447872,0.60082624432911,0.31322798426606835,0.24855765819965447,0.42990472648283906,0.6185560676564543,0.4153075588446311,0.7367090478157592,0.6273900389938063,0.5241632399354376,0.8414561131293061,0.3773311674609975,0.8140808589360562,0.6198777780785248,0.9608609979762628,0.26948239123260787,0.8969256029602745,0.482059063692337,0.913258778635258,0.4979236948526383,0.04835575096656086,0.49419080327775566,0.31876338605971577,0.45395635350162555,0.353551791030671,0.20480154294458386,0.6973515158734508,0.14964120369342815,0.8183029519489717,0.8795570501594073,0.27207585547711,0.5758861067716022,0.09202568229144281,0.3575147982623791,0.8273680323934854,0.053975906973886545,0.9907225116175177,0.40044625722356364,0.3573908410153932,0.1279696936883511,0.6637002393857848,0.7396014360746694,0.7337453586965813,0.4065718640094558,0.06405133002866048,0.6074896265675167,0.5401186997140245,0.8196167669490256,0.24977627432929939,0.4579184732704845,0.4110484640962613,0.3806456271769806,0.8799728785069986,0.5245712006694161,0.9144771399899101,0.21668913005121626,0.15857488377372742,0.8993290551204131,4.587743301627361
0.5931840858824323,0.7138689206612769,0.3048712983287023,0.7389341009729434,0.5705104723265875,0.02160868023983331,0.2527285600005643,0.6221448663654694,0.7289882317760294,0.12584230559622622,0.12141647534903122,0.6971333991860947,0.46443038745169574,0.3080697899425493,0.18289376806367397,0.9966442749322928,0.11510893153593116,0.6430410620122274,0.467973878745641,0.1514383977642474,0.03301601344825478,0.5722298704189901,0.546843004723768,0.39890953299251863,0.5342448583159017,0.7139897375022617,0.5320891572821659,0.5150520093730868,0.8207809441795205,0.7742576235225574,0.2948330103571406,0.6217536517186731,0.21374488395698943,0.42236817660643355,0.14243010476956153,0.9020441513500711,0.7880800468637947,0.8920422837084321,0.4142186431996915,0.2148629504732935,0.7387121364389421,0.501756931493785,0.3314268393780365,0.035486283558743614,0.15869060340732577,0.4693574930815263,0.8893422517654884,0.8199593971761948,0.3019485883437103,0.2104622985517568,0.12932642600987754,0.9043529072170342,0.31565851232259956,0.14902778056381283,0.9017019944498331,0.25970915230842995,0.3102407566786385,0.18237377952089873,0.31151709615098944,0.1753552185326006,0.03346220976242087,0.3633589696523295,0.8594572154720056,0.9584695069474224,0.005674709013048451,0.9925363783888022,0.7943198757677509,0.43609068157460873,0.6043296720567308,0.423039590050449,0.3602855129863719,0.035903120739804284,0.027018421801850656,0.6705687321925972,0.7639447503767836,0.8856147338097662,0.894146360776267,0.8603860127630559,0.016109785897417628,0.9511014818298943,0.9531606493524923,0.6797663807998519,0.42611075507037943,0.7771628387088659,0.524749594227581,0.6840767648287445,0.9183660848793088,0.6989315270636786,0.07942522404573227,0.6555330421464721,0.21097806039005518,0.08042304636636033,0.32187634464020776,0.29563653792336997,0.6862974999779042,0.5025562161730309,0.3419946075278312,0.3487430416191246,0.7090107936799049,0.7736586039073511,4.645111506428593
0.7459886325121803,0.8924744569975716,0.39972768009262005,0.8056935381803987,0.32526822055784377,0.0871247551198503,0.3225457659099489,0.9678151564214325,0.9158404441840434,0.2267871919944392,0.953918552073081,0.9989465684722997,0.40585195039004807,0.5236087719472202,0.6926770103459732,0.2546894563347023,0.18732970771669488,0.766656696333693,0.4448082236628157,0.47247586255171425,0.7486983250335315,0.04607383677546306,0.8953150302809639,0.871749797654621,0.5372525008515008,0.9287961656750339,0.18412738215581892,0.47408463561430003,0.20168096224081866,0.3696095229845645,0.8844900081523558,0.004604703901558649,0.22605024282727937,0.27936305348075186,0.2540845574465105,0.006544224413838284,0.2525808736994568,0.8932386323505058,0.8522377268374562,0.9428072445432573,0.9190232615974605,0.6395751680474058,0.8984972728465724,0.28085703769705317,0.33631830929291395,0.4182441418823398,0.5845933445600091,0.5121711848792708,0.04096189928664251,0.18449438496947723,0.8187024845391991,0.24792555645201464,0.5813288301021662,0.11942866537671726,0.4343176224209365,0.30983008661033684,0.2135424524011451,0.7080559330126979,0.5901702864134776,0.4448957603698792,0.10471830164903162,0.24052058076227634,0.8228101993288378,0.7605981973867846,0.34245690814321594,0.1731110866644353,0.8688853480402823,0.5748141873102746,0.501858903699518,0.13146477084970254,0.07731822072775629,0.3349310662352436,0.9317014768461773,0.6167078608496609,0.1274781068650921,0.5367625756289766,0.8365762404277824,0.460727677153255,0.8658558517909695,0.7559421955749984,0.19207092980643736,0.1735715682884298,0.7120121892539055,0.13428813098128167,0.43553913095270136,0.4489394878665167,0.06001003613409006,0.016202115936645445,0.5873458169992614,0.09533742201324102,0.9038813090698358,0.9155692769605565,0.41612793860437414,0.24376926024591106,0.08460282161044286,0.5869503745178857,0.09369335522828492,0.5821894042676516,0.1991958138863209,0.9644002784608492,4.9166911987912805
0.5848940142377204,0.45875582916575397,0.7290456955158814,0.394431839936879,0.08029672262888576,0.5456754444481402,0.6752754529979099,0.09914806992457459,0.6481382770544616,0.5061756357350795,0.2547450193106553,0.6684570197262286,0.7575413503821459,0.825604722967107,0.866521888330855,0.8991960599314858,0.2942936053923706,0.38083890036495516,0.89138733013528,0.860330356553083,0.4472826817251254,0.38710037413896026,0.6115027531951351,0.043003133923439685,0.6161421378645955,0.7803522898198365,0.47701071625329117,0.17616206344825092,0.2825345915708327,0.6536866924163933,0.34131371367633645,0.572458935397628,0.8479239379241303,0.014793185783832707,0.5629617799768553,0.7888982868949197,0.19022468691716865,0.5470879021008681,0.19063200497112642,0.667790123245129,0.020796720745248964,0.39992647187392116,0.7871379132970328,0.8060807118460568,0.8217689544157507,0.7312397029461617,0.750221121638376,0.2118254346516366,0.4414455868805035,0.8115109481043337,0.41048813955318697,0.2225660086677177,0.9615016252693188,0.34847674548266216,0.7937094757689522,0.5380275618696827,0.5061993118560717,0.2498281704097568,0.1344105872132605,0.2901512649688105,0.14014722931821466,0.45330852941786104,0.6312078261140676,0.3085830134457439,0.906882831585078,0.14353404311408113,0.3686907931015384,0.4427738426415403,0.5978165268861543,0.18111352754846366,0.3293153003845035,0.4027354635329021,0.13678999113725288,0.11365819506512931,0.8337323711606762,0.6750244522817643,0.8057808039833703,0.695036831309002,0.8970920302573662,0.4893294978099626,0.27919230879318757,0.5291650647813354,0.48654132559486063,0.01779133383767373,0.25773086223513486,0.8195838121579515,0.5464931022767558,0.25365090250582834,0.6064899455412767,0.9243833002093363,0.551367960248519,0.12721817357997633,0.885098426611909,0.7528763848316087,0.2824441485325163,0.4578864830032465,0.45185201359986515,0.5541816939013878,0.3688182074975358,0.0863295416809905,4.445253750974416
0.6412022593116742,0.008153044509120688,0.09258810530106476,0.21738048169321023,0.17670541928500116,0.732271302086119,0.8778545933807639,0.8389153674920474,0.08439063698218419,0.10046586241229671,0.3765557390070774,0.6443788368392324,0.30322675502917673,0.1119470656022169,0.07885522192660954,0.18486796974733588,0.15320598270696872,0.6947364905875477,0.42056224045363155,0.9572161256511392,0.9455224124112657,0.6404795931307077,0.723595532085543,0.47041057132865904,0.29324675937666245,0.3124092142149357,0.5733441716859675,0.9835780864745653,0.9545391562234016,0.9146340790237063,0.5803632608551181,0.3590236166276053,0.7013448116719703,0.20092374606523278,0.23969786289698602,0.596449723623986,0.9590160362674752,0.34409956170952194,0.7507820781875314,0.3314546913116615,0.9395249982953682,0.715284312588482,0.9663230014845423,0.8770805289205114,0.9385937818242442,0.3319025488823416,0.9494683761860768,0.42494821058003585,0.22513462889432856,0.8027001903960816,0.8134517258415688,0.3080163216155334,0.9743511457875429,0.042625017742580984,0.5312595181610686,0.002941322193816376,0.2625848550131411,0.15447118549853056,0.7883959845739072,0.6666831723471915,0.3954247080517107,0.29203159552413227,0.4441831391522719,0.9034251482896881,0.24380053220824682,0.2650571367075807,0.9519938250845268,0.5434626311481534,0.626647274200114,0.634043730268389,0.6521313085041582,0.4425498159449921,0.30440644024588737,0.19143292625789432,0.9321017966894669,0.823784434197754,0.4162330514268713,0.8539562172020483,0.1753507840499523,0.014849854235700843,0.48372142236749427,0.924000457687583,0.6888770744907107,0.25176905664891347,0.24402582989974675,0.8840013011390134,0.1874077651358379,0.38259952990491297,0.09784112554364355,0.015367786726932064,0.5611724365749698,0.685627902890773,0.18362390774997228,0.5143608164318412,0.738378008007638,0.18548790836168672,0.8261008440895145,0.7595590492451764,0.922188175314178,0.5136862882681018,4.525776619830804
0.4390022933855766,0.1639356498071547,0.6888442813277071,0.8725367923336474,0.508675296138569,0.9156666707275831,0.6363655567048006,0.5983840083167518,0.6862095231797172,0.41437426128691257,0.9102161639839522,0.739424691525735,0.9404389207791626,0.7256595028288376,0.380513230455212,0.4884006566956176,0.1098189005205753,0.2672773839948108,0.6709352986555939,0.7928655278719103,0.9616108900342186,0.5485132668390793,0.5802414304968998,0.8669103596683998,0.14868704227565577,0.511949480975849,0.9682809494301893,0.4929860355885979,0.08079983619064979,0.5063501454282425,0.9101144010447886,0.5926202478166922,0.7814560014518825,0.7482258212735821,0.15435289632372673,0.34662087423006294,0.005283970545889138,0.13241346819914157,0.2887849313235732,0.7145939533849882,0.1265044961396763,0.20008432546465438,0.43229200102492704,0.8194916829845718,0.24754024770952143,0.46165493231340793,0.8810054183891985,0.8776808404548948,0.7399276383063675,0.35609874229521143,0.6627786121799877,0.6230232569657265,0.352184146958461,0.39868933499259585,0.502455957701152,0.891308722408416,0.5822604613826547,0.26671008305379007,0.30786185973752855,0.7122996989119624,0.9767567272697719,0.8248556406086195,0.4909494663257582,0.547350631377557,0.09137125321751027,0.5843547247914352,0.1905916466922275,0.8710855891523606,0.7484560499696471,0.6254670409411147,0.17836719005094215,0.053647927128436024,0.018038071703267655,0.4986097483096501,0.31051461559694127,0.576668828527842,0.47846810877351587,0.4674337017478084,0.3319185625314178,0.5335567042617773,0.7970266619806218,0.5720878307967807,0.3850371411233623,0.8473523394946235,0.8584786175896358,0.5934176709216704,0.6696859076068564,0.26120530742647863,0.4714247259521106,0.06558561678014418,0.30561101217244646,0.7058623811048267,0.07632748867883465,0.490794765838534,0.7288473365292572,0.5289340712919527,0.4237650571211854,0.5866204847864166,0.6860119320014814,0.09703688263937194,4.409046506332958
0.12577627472397013,0.23129061682307284,0.19832701440271738,0.9174844918123166,0.926887704686729,0.3479225203502324,0.5598504945781877,0.1264766400897389,0.36867855684168505,0.16144892617555562,0.062138983540774295,0.6961324356801029,0.7166006623475059,0.6503780197660467,0.8518219276536106,0.8642084347828985,0.09398331651311265,0.27207213103080663,0.23763942894910917,0.14163586574922793,0.638887473017838,0.8674026868640975,0.1188339251362115,0.9111985100935173,0.6549632559118013,0.9717241575499155,0.796906210951609,0.4801375868497315,0.2520520309483877,0.740036577787145,0.3295714149582273,0.5982255543682536,0.8942512648838227,0.11397788072879977,0.8753188911498924,0.8431561018729917,0.9839971143898293,0.38777296714562726,0.4529291261069146,0.740252445965004,0.9371197143442276,0.6181280238487828,0.9287526289685959,0.9737525348464364,0.3042185657511386,0.7809713720875867,0.8067456737501268,0.8343028681129957,0.4361534347679893,0.7156665834025662,0.40994134328472676,0.6827901337078787,0.01052375511787762,0.6323561728027551,0.474701677708643,0.05820062178605301,0.8507016363584271,0.5236087960582468,0.3364481910833651,0.9905454677236254,0.6275448831964353,0.2912249385489353,0.2775988051244649,0.2266167326863473,0.4664107607664799,0.4846144727600259,0.8856542838459955,0.7130942545981752,0.7971971761514138,0.7926556217173764,0.4469008261254863,0.6936191090972581,0.019206087767392743,0.8994515184072953,0.3487144077379213,0.7490980959458063,0.352112516902195,0.3890657125598731,0.07785250218416184,0.5340067699957948,0.005158680208786626,0.4311190220404436,0.8181558223354043,0.13835603343984393,0.6832153564278168,0.7328766249688606,0.00547796364413522,0.9042043306231529,0.48707741223847734,0.7827577374667465,0.6241253918722545,0.7895227232614672,0.8645073281062416,0.9762513084895392,0.4438830448876413,0.4338707766168486,0.5027073507780144,0.8246217714199938,0.9482580959737811,0.7814161655151259,4.493619687306776
0.6781203893271862,0.3915122455914056,0.027680095030223728,0.14239273150109755,0.33537004086672595,0.023171795704900466,0.4092878819127702,0.16265581544521435,0.6584640267413668,0.7709704908399729,0.5915997806859838,0.5249308355431425,0.6688443369038151,0.5633850519302054,0.14717886040445338,0.6605668787531699,0.7223463727885878,0.8699969457521634,0.10798991949155035,0.657544324758081,0.7030884846606474,0.9401747714152174,0.05978305357142211,0.5977360460462009,0.9817422211203253,0.9804400497176843,0.22384488099477873,0.8611631948285485,0.5274711975522487,0.2334485585814997,0.566153567947741,0.08658758013865864,0.026004851855897404,0.017329084326679123,0.9590335593071543,0.20383660259879954,0.6223409585499164,0.7455276422560494,0.5181960475295921,0.2144096497417708,0.6059116350138967,0.44183877056910503,0.5754332180720929,0.8359494202072993,0.4265965028625782,0.47971662914241153,0.7837182378859054,0.13389593088517637,0.8946966159164168,0.049602220726239765,0.6557329562891421,0.4697411101125065,0.05413084227102105,0.44744010159472225,0.332592071147485,0.6550753158949512,0.43408744055746595,0.4489811581540045,0.6999319913945851,0.1598941623248128,0.33698619065406754,0.9279562201032017,0.8232118732541269,0.9257000382546052,0.542872034669645,0.6941205896770614,0.327826656317597,0.14628053483960102,0.5088033885205113,0.80992030381559,0.31236488788832717,0.672330245490997,0.4465857854340124,0.44266146603375933,0.9834637553656772,0.0627660469453124,0.919431141551494,0.4483952451461469,0.9817801285714621,0.04741024337555877,0.260803935780367,0.6892029962295094,0.008677641354712273,0.8857636935867577,0.993574737646146,0.13296558627331834,0.07201364396961596,0.9037525023902772,0.6971948490576211,0.2763163533843701,0.343234244553154,0.9926451428859006,0.3810866890020166,0.0989208601359437,0.8081030138848395,0.5525761354196983,0.3045256855515682,0.296952941234478,0.4731965682245626,0.7144236791670563,4.997903758994024
0.04835719826457863,0.4882130570951785,0.2665620359071561,0.9220244815949729,0.9296883365252101,0.19934325197634573,0.33839823021376214,0.8808074874589018,0.45370180801580773,0.8375236794312935,0.4202641725330949,0.8551445079112759,0.04790579124215244,0.20739463705544536,0.8649140006676703,0.27098874890647706,0.7046120419181537,0.3745655534129031,0.33423517281957915,0.43955031422689195,0.7837644282500166,0.3216649023278686,0.2845585603197146,0.2508583546158779,0.09926426879818384,0.7152032272852068,0.13388176990927858,0.4303124167461363,0.6639383164785305,0.85478899060167,0.4784982912365754,0.7825912804808868,0.17823170899927243,0.09775853621820263,0.2316740623789466,0.9419434920446882,0.7544598964228716,0.9380217240681588,0.35410854228464084,0.9861157427608382,0.9107361057494151,0.4599081614083744,0.7497331269370978,0.9508260508307989,0.00017959413198387342,0.32009733187495637,0.8379694524107797,0.37514661587058973,0.7436370812205004,0.6688611177619354,0.9650557347902051,0.8444771883640345,0.598236130393321,0.6354928284656772,0.81290450431831,0.32609425891661026,0.9935762941542133,0.04693145785908104,0.6041470007887443,0.7381881306066369,0.20673280365257007,0.8707150191783559,0.155762154405505,0.9010565493221945,0.5090560608037202,0.06322203090428413,0.8443907357876304,0.26207107280852315,0.8048425978762289,0.6798565644797924,0.44230737302893264,0.37685131626576773,0.9486262516403986,0.9116474833990541,0.2332107596728158,0.49711218019067693,0.46881737381504374,0.6537949246974524,0.6689730606575871,0.18139750362908125,0.5052577075181971,0.4687657635771413,0.9813147081740163,0.011224098840396879,0.013159929986093943,0.6699015347273625,0.5152715351225206,0.10790630412553215,0.4940091417090342,0.9211358456971447,0.31725798768062774,0.23815340456727707,0.5104357914660106,0.7181317535170958,0.8026443451313814,0.8595718435382985,0.3443327468510029,0.34117691546136064,0.11091194234839608,0.27801218232080727,4.349376116322231
0.7001761082490692,0.45045012512994276,0.835340797042812,0.9295283375203195,0.08952041429469437,0.5693108311835873,0.7345247869905014,0.07580990458236514,0.22773643953026634,0.6474268117894126,0.008821985774767227,0.26831922095569505,0.385348751800349,0.9971017467851704,0.959984455380337,0.10614494133835484,0.7573419753775719,0.8014992434461563,0.8199798510884448,0.9897317687107619,0.5257925657153416,0.12307822832210058,0.11772240805248457,0.40601314532368915,0.07137408105474674,0.3816919443103026,0.9925373148526692,0.11111001894275052,0.06785882013528732,0.9526492004868012,0.6789376792207353,0.45219201412360166,0.7317661762556232,0.5634593773025263,0.003016143155780915,0.0738507202992642,0.8288822526515358,0.38846967643095365,0.8987681540680225,0.3755406032229892,0.9222906843098435,0.9880149027535298,0.7594116547861268,0.7229181609161215,0.7321404765766619,0.6453287056954247,0.1811086670966705,0.5642671749173749,0.9135176377248788,0.512870993312774,0.653484651080769,0.2731705268260268,0.9617590964960799,0.01788298572461422,0.14230990502566587,0.46163289711531363,0.0790798371559348,0.5949972890035632,0.6732212330934171,0.3526632954478275,0.5166654304886005,0.35757192924993775,0.4845419002100305,0.11894100174759659,0.9215512603346201,0.007384486606925145,0.7136145385219157,0.23876184263066247,0.3947595572142898,0.603512067226971,0.5839233890666693,0.8447933861614209,0.36088067623703124,0.6456745211949262,0.6995082783251165,0.1821747755989318,0.8085543645777694,0.12221556510200471,0.24818663619472048,0.31359274170240226,0.7698118658212803,0.13796455797835705,0.2955113389396007,0.15584178181926356,0.555046951904949,0.8506409063703064,0.4825990638985852,0.7217035555941125,0.7036610829552281,0.4597939882382073,0.5794492402016647,0.6874027197767636,0.10871272012892286,0.2579142476802294,0.31362156316323553,0.36054823175937845,0.9174663177983612,0.009413065318556457,0.3574964928488137,0.8426239304782285,4.532152083203368
0.7275328302486822,0.13101984416327062,0.9376709029160989,0.4340241207476394,0.9463528863412719,0.9011513429237169,0.6568493156156897,0.6388941753914265,0.4640375186806296,0.4457939549708163,0.42429079009915205,0.01615507346238443,0.11103120306678915,0.16646819325764628,0.5787773427115745,0.6939541373552098,0.40680777035416826,0.41262730447659934,0.4554482556177658,0.989364202965453,0.1525019489638565,0.9217753782068473,0.6608969988689696,0.04843206612995887,0.21224651610229928,0.7895762300804547,0.904265958138456,0.9624512653860829,0.09262182664427399,0.9182140780113323,0.36234255474097243,0.3954741052080577,0.20274698360547272,0.24812552274573674,0.5554242376369656,0.08057544328029675,0.2569720324594661,0.7516655247882327,0.8189113652620441,0.8247337910346811,0.7190079262469615,0.17266515868694643,0.18140957201909458,0.2823856391678278,0.2548840422525658,0.977026151247999,0.5668007865384667,0.8357052742878992,0.5638810157792146,0.22389082784245695,0.6476407146357906,0.07426258883722514,0.025989475128460837,0.5374834460056364,0.2915618063734866,0.9612733873660385,0.09015551953236067,0.5498620011000492,0.06397984989848826,0.1295474608689282,0.1902138618846012,0.9849593356133568,0.13974881019601992,0.5208569766389564,0.8993918369411235,0.8748899007942181,0.7325642042910532,0.7268928557206027,0.5533310430497334,0.9070518897834684,0.9752164328600862,0.35352062488390756,0.2971156744976794,0.08320011484348266,0.934344906754565,0.41406380698749323,0.2150359134466685,0.471125772436242,0.9765833474873559,0.48113332809669573,0.512529407818512,0.14497600690905488,0.17376003273217366,0.6148357461691646,0.17104108289629938,0.8559154425124459,0.5518198143298371,0.4967010228808776,0.5063371161680507,0.8358575291206404,0.4173744915241113,0.13041251824839462,0.6560454582558963,0.6875189601895714,0.2460852757350389,0.21383872983767538,0.5816456390034725,0.8145775024405368,0.6201262063324552,0.7168791765863014,4.686243214300299
0.19966094579341231,0.16412801191394033,0.22754246671833533,0.7798046488192192,0.1988324705036899,0.7375570750698269,0.6378136900166645,0.9735003593580144,0.23875759963261223,0.31679456031631514,0.2829629267860919,0.5257203541961427,0.7022893662521978,0.3016897794006703,0.9526221223674899,0.7562170849606272,0.23148314303761175,0.39698156893165804,0.4113655189208023,0.08224626834323889,0.9981449511647399,0.7905384684959241,0.9680794792194821,0.17216766517121296,0.8149643573896386,0.6900608118394036,0.07765065937939974,0.7787913948276086,0.5626572395492788,0.3903713579713042,0.6098236185897444,0.7334590616278039,0.23238332314518184,0.26523983451634203,0.7025652917821507,0.3651166755236157,0.4890217108370518,0.7571108430295659,0.5665818818076034,0.8469436141683866,0.09025528450033582,0.31104977341042495,0.37130897437568855,0.5276709172397724,0.7058983196719382,0.23525554890286737,0.09280155508247245,0.27693396111949575,0.8831289152561614,0.9430488843858225,0.5487789037926588,0.07091153478265999,0.9137220574988052,0.9712089759272229,0.2702181263157011,0.1956566337189849,0.8584276094873814,0.12903724385469606,0.2609191867554518,0.921281147670613,0.3729109495644204,0.1814589207272349,0.6074596005264443,0.19191971267698626,0.3208780390447271,0.4994308774484262,0.47934578871584765,0.0004529457196523756,0.30749075858998687,0.24721166074165735,0.2939983197694732,0.4832040554153486,0.7221912058183342,0.9870020609350643,0.6114634011071134,0.6077673500000575,0.5077971306659697,0.09449444267070595,0.6902671884743506,0.5184861558360385,0.8742043648137175,0.7779240201777388,0.32854862806508667,0.6457033365470398,0.10487226325284438,0.08785856462877417,0.5707483140566193,0.7480036171372354,0.7862655561828884,0.4625985304402239,0.1093137109362059,0.3428689659332783,0.13903948139091826,0.4549870421736236,0.9984926136357343,0.4567103374815036,0.07320158803969912,0.6982365287221549,0.9938512617012668,0.6359272130437226,6.296446990339618
0.8541001720476094,0.5322463795779406,0.10863999363085441,0.9901174373205012,0.21477171999263267,0.9882039895066589,0.8341963242488386,0.4495970811769078,0.46947432483418117,0.4000335795372215,0.7593614024255454,0.14194399402761593,0.14445355033656948,0.10457041239589426,0.5631374670545509,0.3965431465443625,0.5294890424658499,0.7564579661501131,0.5409288745447461,0.20116998970276734,0.901904700616511,0.8188317139018707,0.4685857563894129,0.16016468205179857,0.7335699755496508,0.5284031579130132,0.6741090947454759,0.09962518911278984,0.39804969001818435,0.21292606987594032,0.36204317490617577,0.8597388075135558,0.9359925773016343,0.10863488948742128,0.5803929879469033,0.9462054555665206,0.982825885250265,0.9444257119425365,0.3016864314859876,0.5013185754466722,0.09950720897097509,0.01803353893816695,0.4694483718706548,0.9503693533578614,0.7223321693837901,0.8362171123586146,0.5801110809437338,0.9636618539007187,0.009168661096427555,0.7128998456817512,0.8893241664980982,0.7368276959104441,0.27742004730214853,0.08131333617281555,0.39522221422187664,0.9980101186463524,0.0671009682857221,0.7009190196476498,0.0755403355265657,0.6380625345421945,0.20667943219715457,0.6395264853467962,0.5611601679929029,0.47170986723956,0.5995946714358587,0.7359597099376917,0.39875044233539314,0.4144648246290621,0.7253617507613241,0.7293031604991393,0.7522541735981686,0.5261585528068813,0.05927105890512907,0.881574864626484,0.6501391234039824,0.8290814304663335,0.16119725872614366,0.2611149959079153,0.6904940788736113,0.303017087669741,0.5722970746544915,0.7486070631840523,0.9817857123029138,0.8694533240735565,0.2955223367202344,0.14519180536290843,0.19089022768907538,0.6983036468388288,0.8760100295628391,0.08479737716582902,0.8571853376482381,0.4068019786064119,0.8330918397147212,0.8689390616110348,0.9918517402817995,0.6497831641147933,0.37263103848933676,0.9201221274266962,0.2880819559562787,0.167011427401351,4.593087292608474
0.8412632863739147,0.4808286710647003,0.11156696077216832,0.7401529291308426,0.7028960161582621,0.7242194336834252,0.21912782824344335,0.4386674514087521,0.8179188412568527,0.7136099079582775,0.4251707507399255,0.3913287421494587,0.4246077536940054,0.6956098486537468,0.07468895442356627,0.4103997071940789,0.7850134332362306,0.8566847994819492,0.7408121157653734,0.6602178573070528,0.46490111716029947,0.002353638284841475,0.42502596164590634,0.7418241970871459,0.9030797856597994,0.663314861357784,0.578053452645952,0.021389233930344975,0.7876297582834572,0.7153939813257935,0.4550476356166884,0.6316037659434086,0.5341383215643116,0.10626551318976307,0.09401026545460811,0.14386185119476125,0.0019130707705088401,0.07202722803664374,0.9359003717166547,0.483473073120409,0.237549146793671,0.20261200665428925,0.8805316700646657,0.23326892408690214,0.5101494650636665,0.8545652407819097,0.8583623766336298,0.41013460693690185,0.2230048801711818,0.6145925484659376,0.20129378308579637,0.9111066037621308,0.26551420637635914,0.8660256318880621,0.11280978688001397,0.2849832853449805,0.9129203869393613,0.6913789773549631,0.5216609805471454,0.5389464531970292,0.8919844536755063,0.8662806763696165,0.33048932542537335,0.818498968875481,0.7549438645985015,0.28988016989248166,0.6132581624370733,0.27846778843193787,0.05064464629260457,0.7151265504877997,0.34797346309734345,0.8026999104330582,0.349401212711403,0.3222446279220037,0.26879925311996467,0.718716204944112,0.8788093159763536,0.28249132259826615,0.7946769909889335,0.6159698699078218,0.6890752782314447,0.7089096513503512,0.2755953189959044,0.45536648533783364,0.0706355647035406,0.10035850807235236,0.8525451273075437,0.5614715014545659,0.8284165206028424,0.8043957680667753,0.967733756651233,0.46968053445363467,0.2830889690569446,0.0035536082774804134,0.30642064398009783,0.6918154160256018,0.24205905768499048,0.40338857641758485,0.2444271391411872,0.7578346823747709,4.672651505890163
0.07721479450525215,0.24695642055244948,0.20996190646907154,0.4022420916977957,0.06883221452570054,0.9022656526772007,0.7505459294761291,0.6184386430351064,0.23798274531099983,0.31587634729272307,0.012206658808953885,0.3871558492409395,0.7151292402990199,0.30628051325807093,0.8436028501012173,0.15702342894311516,0.7741517280927237,0.8035846840375456,0.5690539968442591,0.16428814103420586,0.5827970518507576,0.33531576792504203,0.027102070339083295,0.860426803674204,0.19102011634530625,0.6846894581660724,0.3711728911517572,0.39018443762200195,0.2573535889610603,0.154106961170687,0.19334417456567665,0.9808312638082198,0.2082164353593784,0.8900032024898218,0.2542668955235392,0.31917746501801847,0.26930839077573765,0.5976297575454969,0.20110752550643485,0.18849002402490567,0.5529499391736514,0.2525617471711662,0.6267581558729967,0.023076995119698962,0.9807601822067292,0.3414047766066912,0.8227311760300712,0.21779267621080534,0.38984550788576255,0.2900036600254554,0.3771577761334286,0.7003709902010108,0.24895588599002383,0.8342302791571987,0.38423800819229936,0.010588797309788567,0.1271626774855965,0.6214763298587588,0.8068812027320467,0.07280820743822702,0.21829554186156197,0.9471789370147717,0.877594334312759,0.3560648071529432,0.9113096349644942,0.38115677653080937,0.8596229172349938,0.5995996407533936,0.9776741590437072,0.45311809692652305,0.5997052706327736,0.6790911812169177,0.9039769243766519,0.9622583669140446,0.45491533495447833,0.552418773322331,0.8373929576635359,0.14316760968545017,0.2378300849019397,0.07957930936457192,0.1345797698046277,0.7875671002150046,0.5916861155502764,0.11098262192270947,0.39022500665429705,0.4363366469259453,0.850513424665137,0.7760025992125014,0.35223637977910593,0.08199926717718964,0.9442643421031048,0.9459808543859667,0.6712155834539829,0.028508249622179904,0.8701853307695784,0.2936276365316035,0.8168052079981398,0.17071105500248918,0.6540335519880359,0.28997381225343166,4.913598956069494
0.9253917368046105,0.5043931773346222,0.4852105190004039,0.05720708637872962,0.6489758114368257,0.30192275734684404,0.5005383180552229,0.03095583881010311,0.04378100587401634,0.014161372759318391,0.8607309718210526,0.34599000415317605,0.7897304408682874,0.6906916827508002,0.0706601169172264,0.2902968847740016,0.36063466408189004,0.9430452452812795,0.7476761936967248,0.9330371535589209,0.9566698200097224,0.31155241911014064,0.2282253687062058,0.9162769370167113,0.6682459028604462,0.9605627116639758,0.5516174567553633,0.8013480036582133,0.8552317016467272,0.382840884532612,0.09090844771190354,0.7372188064329186,0.9125643872429675,0.1364099886556931,0.16830716207816743,0.4787492485640845,0.6754213654114043,0.10159702848800656,0.3881879784417116,0.9019011696795672,0.2822774869244703,0.3052424094851359,0.32000670373675444,0.6633522196764865,0.6865993102694521,0.6356482689011813,0.2144803595982675,0.13626388804318734,0.3960506589396172,0.2086126157357231,0.13701564366120467,0.05135836228861923,0.4944435017176272,0.374329494758188,0.9100501137822681,0.9423832402350621,0.969489677688633,0.859966335357348,0.1645715735779888,0.8041601470419174,0.9240246696836486,0.6021581663151048,0.1067488573391876,0.03703898541229067,0.6087490525246871,0.01775561067828857,0.6624162334682334,0.7073021292347682,0.8480378669426009,0.5385826822536982,0.8781630273428149,0.33447410962362645,0.3974151672713616,0.6007275573522323,0.2168795377214774,0.16668685643072467,0.15449746723434754,0.15283178445163892,0.9394176578864735,0.35027099996529276,0.5158028860466072,0.465058440396551,0.12959162383598222,0.32489949331345924,0.7300050834820582,0.23155382124236668,0.6260845755006594,0.4645967383418055,0.7320233630331807,0.1471196045801414,0.029203117200717776,0.8900068711873146,0.2726895344187181,0.3118515653497892,0.5934619103129095,0.6367426885118705,0.2478157264316081,0.8556063712012332,0.8232150386384646,0.8601673761899771,5.159295811749707
0.024778649648346085,0.680949183953926,0.43466983381326185,0.4957173289440915,0.40266766827096967,0.7868518094302795,0.14147664795176296,0.4576249066590292,0.9145529595232245,0.3614319066176277,0.8419170824287465,0.08655048027334356,0.17872037462478063,0.49421886846199614,0.6862067287802043,0.13957731842768695,0.5391660247741707,0.3232032027998327,0.004998519562682713,0.5921167568961507,0.22878653477299327,0.82573843097122,0.4220072603958007,0.639081029555384,0.7946158279668789,0.5339224945526552,0.009674837734804376,0.9051318250914125,0.6701089467185604,0.4107518815747856,0.24690511510575464,0.8056075356924923,0.7908188416780784,0.13473103023428834,0.16932277905511983,0.03486336138174151,0.6490190643924618,0.3613908235407698,0.055500601486486056,0.8520090990530291,0.6280006222751658,0.3327478422373795,0.1621481887857107,0.0902279768110883,0.5323164386145333,0.704910169927909,0.4841281928612706,0.8494890117401898,0.211807119736397,0.80273355584773,0.594211464514729,0.37445781082415386,0.9851230997366304,0.7102940515787631,0.8894788069564097,0.7448015751414465,0.68399688536071,0.1748712955360181,0.0910190187221851,0.7627713126587692,0.3241589124181692,0.42548638154344376,0.6704493918634359,0.786913801840305,0.3644005641360609,0.8645063192489076,0.13738067560283107,0.4045724532792755,0.5248075653575845,0.15034333446066228,0.4129442928926248,0.7643839985294071,0.43881906707356233,0.5976027279417538,0.10571520587123129,0.9953844333260602,0.3247567487820291,0.5595154100689408,0.868381664365203,0.21248291326330415,0.968703650177862,0.38603658289062126,0.4085502145712465,0.26946277756437387,0.07208450842777003,0.7317503406169179,0.7579896817316456,0.4582720108510465,0.130829800341287,0.06864081458737725,0.687570549188859,0.19166763943040377,0.5303404515373891,0.5548643094053445,0.7923127930920982,0.9151175373222544,0.1317663777629281,0.2750350832212499,0.4844944113836207,0.7421894204583271,4.606922194958811
0.10086583877482247,0.856363584152276,0.173192208672993,0.33084119792574795,0.8463837087379852,0.23331083416643494,0.1227859048545008,0.4669040466166031,0.19152859939745992,0.5353386839145691,0.5579920320223398,0.14357382563801735,0.0069541662856421604,0.04888992253771196,0.4928719765839906,0.8543159862469917,0.9876686282341558,0.11754841721091736,0.6011827092951796,0.00024131928958281978,0.6820014205623262,0.4893213702900583,0.3995431927650964,0.6813982708536717,0.6370905655483753,0.027165659318679314,0.737297962190057,0.8337305541521332,0.06858676992684976,0.270403845144341,0.6663506344564518,0.7398949943258487,0.7161932956868766,0.984727240918798,0.7666472955307219,0.21465219499651667,0.39563973163907007,0.2782090460879709,0.8114201140376203,0.5336162075717605,0.8824899763413544,0.9794875369219818,0.9532943281665519,0.39234164048487385,0.7696386758404361,0.5491741392307745,0.797527947742888,0.05897646211452401,0.03308673971302922,0.15181540814591477,0.7115671172351679,0.3050999737922616,0.31485161365328385,0.936284219678792,0.17753445498046228,0.7752025214993329,0.41789172243304584,0.04642931126451311,0.11998310283545699,0.5109921066120633,0.462014109703336,0.2840773868786075,0.5611295419831,0.51299849954959,0.3527167039700765,0.38003214567156063,0.06196380847368865,0.3824302028570582,0.08706136916956553,0.024530015123305327,0.7067752083107877,0.8965460285937865,0.1649935370406188,0.8960369982923442,0.5855218423492063,0.8027510241010261,0.9289149299016916,0.8575719223760584,0.5265857502847522,0.26485344631306096,0.4776722217713991,0.01863211751232363,0.45783171013927004,0.39569663088974716,0.7229846986456644,0.029232902789470883,0.43186936433641043,0.6931374737902304,0.18398372839489796,0.13422724643009543,0.7046462283034043,0.6043101762783228,0.08437696001090156,0.5560196093110404,0.7637766793849553,0.3439716948597751,0.2680921339751916,0.29439200720512837,0.22344554014014473,0.5696391355677267,4.497711424946447
0.3347591778594291,0.061110368531843706,0.7787892575379514,0.16891973033568086,0.730049662883263,0.8436360542771414,0.7386565371743944,0.6786019561579053,0.6835834341279455,0.8656374913586392,0.5701176771161807,0.2571602088639847,0.15857681117377198,0.7415270665968707,0.45626188724383365,0.8469566607639033,0.6419341039996049,0.20140971560981025,0.23095583536379516,0.07042267063079799,0.8594835577234728,0.9465769671330324,0.6482776631784011,0.5020477611568055,0.44316041385393623,0.34774714741206403,0.7790906931995539,0.07863092932636484,0.8377499389283,0.03631209644702138,0.2815425843895797,0.8455590124809098,0.8423642585522181,0.1313323722041665,0.40837395851762726,0.7594337904532604,0.2926384116615155,0.19159585461407813,0.7285416676838173,0.8047540534535556,0.549424351228772,0.385994656462883,0.7638893461107626,0.9299594699719238,0.051445770962542325,0.8570733590046107,0.9745415340010041,0.012475840492097157,0.37449897574843194,0.4004701562874067,0.1316100980526147,0.21748302020823196,0.6029125305736688,0.03138205036014652,0.6850896332476144,0.5255057493053473,0.5601877007708698,0.7510821622571492,0.029241150424881734,0.16622088614395836,0.7169945072654742,0.543312462019755,0.023701181169160535,0.7109919807113023,0.40263722708908023,0.6753968758412255,0.7674194269077454,0.8319561690391605,0.20412797808186545,0.26743006629788135,0.7730706573500985,0.20204822754222063,0.30156592924577785,0.837632888841578,0.07759532640210698,0.8737070535531409,0.11604245649722456,0.7054845334212421,0.7822946302200764,0.5103634125294303,0.6023903336779529,0.9897844589442872,0.9059696175699102,0.9402555686946167,0.7235106198932927,0.21752353357227272,0.30866560015944056,0.3187685355683757,0.1407864522474156,0.7609250388097011,0.7286866684549421,0.46305652026003685,0.046518203055542995,0.1559309667509564,0.9366683611272726,0.5479898693299171,0.8873731604057854,0.6962050427159492,0.9391037016657818,0.23767668501150718,4.3394056819170626
0.7120539056439518,0.817196199996104,0.07975454981334207,0.5327024837450822,0.5131805561104715,0.06466633210589934,0.33156747722817503,0.11680792350985936,0.7672803849288763,0.41086391603715144,0.3205491217754909,0.5331082391270376,0.7706938119522949,0.3130759654301587,0.23818218577073702,0.8783962443547675,0.9943653216291607,0.8953389518595665,0.18696184544104522,0.6194094025081832,0.06417808187207741,0.19205478212269,0.11664255942637247,0.6429639083337414,0.9688326171383828,0.637154889023977,0.633911404607148,0.5882774766557948,0.6070279200969139,0.38374698991712375,0.5258868580636658,0.5553226394943783,0.9017285405203399,0.3504120642044377,0.46526129291505214,0.790763190425296,0.4040237769473569,0.026985845980308176,0.7393542682801768,0.8917218204864475,0.07355378231282272,0.30454560581742973,0.6966393270221849,0.2010622282583313,0.4892108361952091,0.8685982145529645,0.055703575580248854,0.12454780678628163,0.5151943951007402,0.534104767268349,0.4709641914191758,0.553745709352931,0.39965244303773684,0.10412181310745994,0.17195973491842098,0.5275166518601955,0.3836272205095558,0.27892010268417444,0.1660111028237311,0.9894315597215254,0.49264795709703124,0.9844770307548767,0.0511322229339235,0.3323583870286091,0.08793198407833169,0.44286669689788416,0.5100783734704296,0.3898923808830965,0.5594638019141893,0.743986358141364,0.4695165891593962,0.21862545557750002,0.7585122475626951,0.11223382300699036,0.9268019540913879,0.5655078598291176,0.05335829284702964,0.5283830436436786,0.7175004086762096,0.815950602289438,0.27722464928158097,0.8089356419806837,0.05777496975424001,0.8333868253416665,0.8969652447155213,0.5806455125408012,0.6191479194574201,0.4143298681067479,0.9993753551875454,0.08342465433447555,0.6631000389455763,0.340746209044526,0.06812545486615784,0.9286846576088984,0.37300972055955495,0.4076331962533202,0.8626072944965452,0.12561167904810355,0.3122255239350682,0.24374651724883944,4.450629062211272
0.37516820640773074,0.689207866628214,0.2108029298419566,0.767712343099758,0.07638149504209513,0.9770017248844144,0.17001752761365407,0.20689222920781036,0.6916386362287368,0.13026629753004892,0.9582494616420404,0.05456055541223481,0.954835835216248,0.9887136415409228,0.23028374732935764,0.685864105893567,0.8014943147395384,0.29289439287122265,0.6759182368678051,0.4165014892162813,0.1999990170731063,0.36730261745693504,0.5218312031753143,0.8804866991969175,0.8551270051614593,0.7778137481556757,0.46058865285601114,0.9826404291110831,0.4014676086843073,0.4632745470661359,0.10969005971638712,0.23027416201552886,0.6457634874722956,0.3539789815750152,0.9787465423372214,0.05636660347028666,0.11764713809714711,0.8362913778973583,0.7564664508778428,0.4697010918155128,0.0182897400210581,0.8424074005542757,0.16087699961558188,0.05384687582040404,0.3617301364523644,0.5516328497989021,0.46799254403450574,0.8932822284804149,0.045705121403189164,0.6745037169286995,0.35468855120904075,0.753177419980849,0.5618244611727351,0.07568402701819288,0.662351809242352,0.7143929564559762,0.25490764308785774,0.2604906542730002,0.6252158953235162,0.02605546710926887,0.8552222067316824,0.28599721327401806,0.7089220070640546,0.11932012535991998,0.4271206001677732,0.5690875067135661,0.2503876153805361,0.7183916144786416,0.8736826307298127,0.815130880932375,0.03914469255841768,0.331159834579836,0.9067996534123042,0.7297223933304787,0.7075776364834739,0.22188329999050493,0.5905316675519119,0.23428251829914426,0.5559946874218571,0.31396353403105326,0.2585710374167087,0.22773009976253955,0.6039689935928872,0.30222125902487673,0.47172661543267336,0.21166755171620444,0.05634971307050218,0.5243341665827611,0.9719215606126379,0.4638521125673979,0.8016016510334583,0.38001644802208534,0.5546715503680444,0.23310708354713428,0.8155502906987105,0.09834127394318859,0.39229811555749095,0.0627574198120826,0.8860446464618768,0.010844438603371476,4.565083278287814
0.9618207254707889,0.09552453696768581,0.7034308068376229,0.10455847123337036,0.18262446631391716,0.9074142388773148,0.4109664032685417,0.7871278777736705,0.11072233403185605,0.21702060840162662,0.9742321853221898,0.2716880665185022,0.8500180048382173,0.053210754646832115,0.6179247334648671,0.10502958123817063,0.363274010050189,0.15311948483239013,0.3403901017476736,0.4102134734836579,0.36582474991709546,0.4852396377743863,0.20548371959653255,0.5076056649081143,0.9184615644286406,0.18231290229533126,0.8140651332512905,0.08878491559836166,0.9800983528184648,0.0073788719634168,0.06609553603633211,0.022417984702627347,0.7004296441719464,0.02752267109966977,0.5280930274501758,0.7908798808710426,0.6372076328879975,0.42616261085779006,0.8287693346528643,0.7720115711052172,0.4855647520346119,0.36791977909798224,0.04684891182162898,0.05594430742972012,0.6394668758565485,0.4413268204663905,0.022418241690418284,0.7974332873036011,0.6055402224664784,0.07495116839490712,0.45984198864944326,0.3176695501961716,0.6499198933710738,0.31517835295217356,0.8164460161791207,0.8703883933975815,0.6766043710957172,0.0057546349925085005,0.9450082598872966,0.1260154657654038,0.7614054503381856,0.3408218359179114,0.44109712643195764,0.9714616628187672,0.5646271490098744,0.7202859808299042,0.37683622913673165,0.3593178750620215,0.9340844032364685,0.9548259981821224,0.2229085987177536,0.6399293923002047,0.46167622865360103,0.7754430754497893,0.7767230818625798,0.1607596165183225,0.8140414651665269,0.9671018037850161,0.5924355570610502,0.848837781814567,0.0068183470109050015,0.9020907114239023,0.01670702596685336,0.8504088014588403,0.8079171658749142,0.9483830111805398,0.5180420816846529,0.35301279377843064,0.20556205300701125,0.28924676820809303,0.429589017834909,0.4743836138404187,0.2231484937846614,0.9207974808878796,0.5340009045774095,0.3088286638187452,0.3828330617698993,0.20892998404456198,0.9994552700804369,0.9233749000909204,4.378665755866642
0.6507231054903795,0.6534087622230994,0.8376429302922672,0.29803903971710766,0.24780151926728022,0.09692046359115114,0.8154846147611988,0.8757164966037739,0.6258084491218101,0.33318711974928916,0.6058754174992126,0.2273715332138585,0.3483843475672974,0.9240538270605204,0.027105077022025803,0.5093529672132608,0.7466403165495834,0.1246619534819371,0.9842587439445571,0.39616399104121436,0.37567373917240365,0.7614361915171948,0.7559872957222477,0.8405527309068711,0.07940486984887385,0.4114488889063218,0.46403105693728364,0.6012991169211317,0.22202785457681484,0.4817858525795774,0.752844795451438,0.07317291088220979,0.32200253312483884,0.29217821407241007,0.8281000095932347,0.34376821772637056,0.3790045222388351,0.4821503151543579,0.34370697284714957,0.508081488351161,0.5583773815978739,0.8385466516991604,0.6117927581291832,0.48808666907509257,0.9331037627042317,0.5212217773064461,0.21561672964014444,0.8753812525381424,0.5126063598662247,0.6947461074847026,0.5116297717874185,0.8587736706929547,0.4086056631688336,0.5043381154529994,0.9317212582990789,0.496907873195478,0.9581741826468188,0.3396353304528853,0.29186044882079876,0.7540334787449094,0.1938822370792177,0.007267166697316418,0.7477169439594074,0.7339414677488534,0.513035137434941,0.8737706420034977,0.9699850573143448,0.09559255100859887,0.44216951250473746,0.6558144746895539,0.7792794744363966,0.3861947158950685,0.5689579973194467,0.32542550095768064,0.3389095736306714,0.7862127663105304,0.4522408886033865,0.8408930380002133,0.9217591542948936,0.8120785116638036,0.771381181074676,0.7306962179351681,0.09897205523168717,0.1382709289651104,0.3382933476176607,0.39921144965871247,0.8383823026758005,0.03107690604086144,0.19193449635893578,0.8947410056373325,0.3878682191206838,0.8380439068289267,0.32519010689709416,0.22781030405761127,0.7726434305520251,0.07295732113143916,0.5336062175978256,0.1862788393103827,0.7487638769144133,0.4206275540077905,4.577008367660142
0.6879660083349957,0.5068746098751498,0.723566705662712,0.860999365392368,0.1232409987825488,0.15280413302038498,0.9577929060029439,0.19334753547015515,0.6470695496906812,0.8975799218259521,0.49136492215965777,0.11173285501866759,0.4847878359794554,0.8306423256928784,0.11074779735071005,0.9917193116146098,0.10080989353286862,0.14274463597107256,0.5485101670092631,0.5029182033008518,0.6095344245163946,0.26900474908068683,0.3185941752995731,0.7469951435767302,0.33487611658285454,0.23805596766184334,0.8174669345202217,0.24776774397026136,0.2837727676279037,0.33279841874412563,0.6679679155316206,0.8175707208559798,0.5529126443853076,0.2922545405448268,0.10985279761678224,0.8252009773338435,0.9018947889966301,0.7111509961143034,0.43488066289427774,0.8535372356356485,0.057000875480975544,0.992982054888497,0.2811631823022437,0.8852312659729669,0.880064507981285,0.36882108840128025,0.6974095738902921,0.3528551701463456,0.27014758139244643,0.2578805855873776,0.2959031591337854,0.26594642440988847,0.689277421821996,0.2212886240999279,0.3089710484225523,0.028999679474063123,0.9383312992872614,0.23518899948227812,0.16938359873980058,0.9627836284119079,0.07783665976367948,0.46332769510646143,0.3976242508713267,0.8822283065698799,0.7546954028619157,0.31966464923484994,0.7867874536020791,0.26440746674716664,0.3948519655900711,0.8286835599169324,0.4770092004015666,0.2331458009042544,0.8661022674425224,0.49996137654140904,0.4928920052894533,0.48251343486842657,0.16668963071568,0.15905526762858913,0.8654151313698842,0.9688267246839004,0.868046714124157,0.475521047385699,0.868581510269161,0.9850402936745455,0.8458176736044389,0.2240968320956569,0.017783619052728072,0.2714992629116417,0.2655630152421323,0.3790831345981517,0.41064751662965493,0.8695498717756265,0.5510141332132014,0.8562193450253676,0.7610427654796215,0.061963812483909475,0.8718238294148015,0.37520062940826315,0.1065231433055025,0.10828252624302503,5.70821035006804
0.28564352404916427,0.20641552193514234,0.5958478142742702,0.867842605369954,0.1807713549053448,0.5877697659229858,0.5181189065869664,0.2764962523240657,0.572319681367289,0.2448289567221631,0.2949761862798792,0.3614536681120252,0.8191928091737912,0.5118530721727123,0.09813456128435272,0.6556837583916327,0.08136083142487827,0.5840234209061949,0.3099115846510566,0.8706093688570435,0.8818951123639203,0.9185059042914226,0.8431077511649228,0.6654330420229627,0.6980350554456972,0.5645058550612069,0.01871835936038424,0.2667238035410969,0.7298731575239912,0.7496668783519276,0.9678511169963642,0.12392271603266325,0.8501988039800177,0.516655442962057,0.6664148926514457,0.4091428157161471,0.7600144835785801,0.4805702700567528,0.2505466009857349,0.7961640586365829,0.5871338212390932,0.046854175820730926,0.8151342187401104,0.9500584541950678,0.30698745985051157,0.7888010188992955,0.07541776236412334,0.37879666950655855,0.057113478650570926,0.30901390564101017,0.8661332274285578,0.3928655641575215,0.3193437352008869,0.41990605079976007,0.9383093284203615,0.207680540076698,0.7887702543610825,0.710010013033707,0.5446137188700678,0.82541644741645,0.1633833660213475,0.4901934700227726,0.23262282974453907,0.2160288818585817,0.7760685774884939,0.20066327620640567,0.6233347603130285,0.5177142205373656,0.21392944498577415,0.8783874898132501,0.23271292938455568,0.12048786760529906,0.06587057355045944,0.5108392651682809,0.28492229273836267,0.6192851809307199,0.172903135217495,0.3295982915149642,0.1595928898723058,0.8572745898455689,0.5813582010014402,0.6721122508047406,0.4181340045399856,0.7807438211766863,0.758167430727347,0.08792948993846239,0.9790302551595844,0.9451552752377651,0.9719472038400592,0.9161840998772377,0.9810600480683009,0.34149741660288424,0.6792854531663552,0.7705239441170222,0.9849732067362236,0.8871947283357869,0.7511894213554269,0.20246351827466158,0.626817603173251,0.1800764209355259,4.429358432598532
0.46662429536111305,0.3123974168225665,0.3732808938730088,0.8273353342147944,0.9870143560077171,0.5228589048268092,0.27889469287905866,0.24244649199702817,0.7510723648127661,0.3369217437078167,0.11355254811344329,0.825697154697572,0.3177004439697312,0.3624361468003553,0.8415370295166906,0.9581950175070685,0.4140900421048709,0.9268019995617692,0.09057210146207784,0.9905186721563646,0.09820939012605434,0.2113432572490156,0.48507082936876544,0.9201301741763839,0.27630281842348303,0.5105858748389112,0.9346406326691648,0.19557670216871081,0.18908457815627833,0.39551005720505283,0.8063462299854424,0.3792606993986003,0.32925674880035516,0.10856205485003578,0.5479458942827814,0.8805857907347324,0.9586597779923189,0.21019201876433946,0.5771000953863442,0.09671742133927708,0.9752775873234579,0.04347295299972487,0.5464738269183818,0.9021970241009669,0.943656795953403,0.2939967827272477,0.1672601407084896,0.11664255612302477,0.6161299156608279,0.8290721741293051,0.9333851854433265,0.622772233567287,0.8132669501359623,0.7585255986508195,0.8430208947495483,0.5088005271849927,0.07692295050194653,0.48604294893542854,0.32822316439279786,0.4950184615452069,0.04150163361967085,0.3163573282520814,0.4967727665696914,0.8045311972381891,0.9580998820706002,0.815705129298014,0.7343108249842503,0.18330304685203602,0.6377952602550377,0.8251076159999757,0.5822919910487188,0.9005603700199779,0.48392211659725914,0.2752810988812169,0.12244716696083591,0.19569095234504208,0.07330853176560115,0.6495185654378187,0.043675572680963004,0.3345388156186214,0.8172752052489045,0.7113905612900423,0.9243570167581211,0.38142884253070963,0.7433552706978074,0.3803961823199702,0.3047945579799842,0.7129305723401633,0.6717557477788468,0.4207687002883249,0.1873465173148363,0.2856754371475988,0.48135215987362145,0.7677488123901453,0.367143555607389,0.060698548269523256,0.2337185899637021,0.6477526743929123,0.6277441377973466,0.7125489043089781,4.592116297601499
0.8144918564900887,0.835685807750105,0.2738500538203028,0.8516355554828621,0.7600093816214771,0.45732355183342543,0.44090005676257216,0.8013442311865763,0.950299371792496,0.2085141512730494,0.620436375784249,0.5206835700176619,0.21555306101639204,0.4190105849743644,0.7385996520688392,0.21174670592071287,0.30430225875251615,0.793097849587012,0.7282140841183545,0.09020345538768226,0.44823254521415223,0.6237671939200764,0.28434024363156596,0.11309632491886645,0.766424575651923,0.13879117751516712,0.8486122981090565,0.840007065952582,0.7216398429760671,0.8445651916444322,0.18158953275440548,0.31612058906089724,0.3405718827285208,0.6942715256648769,0.10477941097844468,0.7265948783331017,0.42658032482363983,0.8499301324300703,0.9615997795008708,0.16070306290287784,0.5293655435078687,0.3392052517270444,0.7736561771238459,0.25257276021021247,0.11859244286947812,0.6707733137475149,0.7387350703313607,0.9286463476557169,0.3759564783706769,0.9280738559633632,0.7538957890940768,0.41153650638130224,0.9490468495107339,0.11711972624993616,0.034791800082937474,0.5051881318907753,0.04065076306651649,0.6706282835410253,0.4975153281911482,0.5454276264312305,0.7445080020445084,0.9424980020452295,0.024884276210501377,0.2577063275974367,0.9406755134593022,0.4347928853861345,0.2588065625351228,0.8060207970466771,0.5073998311392898,0.07905731067169286,0.7244761170059434,0.8916941611405615,0.0588596529138975,0.10395693735207623,0.545061725405395,0.7273743333995559,0.479761080032999,0.9733524283535875,0.12157121318699593,0.05608699433812103,0.20801261393437342,0.5133516459139945,0.33755098561383645,0.03116678332527878,0.4601977248928615,0.33357719190706037,0.04636666079104723,0.41913311129051234,0.48974509652477516,0.011619054554082076,0.4767691582777669,0.785008437323142,0.9797299038071983,0.9848598748581816,0.7874377005065689,0.04403463349945447,0.7328164269608324,0.9951683633029476,0.8378430534994439,0.3881832158640739,4.434870846319144
0.1937041657246239,0.49493135609985295,0.17152772340133926,0.7365589792578334,0.6227039948265117,0.021150633893288084,0.8664744370536109,0.26370676443192653,0.40951979570986696,0.13704173643749373,0.307243701258178,0.03838464086101989,0.9155384912083306,0.9422846126844482,0.6863102613968283,0.8577633665050758,0.31134553210741434,0.45258090214862623,0.03612047057297474,0.47167183464430884,0.141641023870545,0.759797624075256,0.30084059575809274,0.09259658583679364,0.7610904570517074,0.700714738641174,0.012221727367038304,0.6131681220336306,0.6645997391248781,0.2624445287759699,0.05513946122178659,0.15783716277213689,0.5511648803544281,0.07128106789365052,0.5167591453557264,0.9459949735991844,0.8248128579955933,0.08646094634902635,0.013684246014659784,0.0605877478564556,0.8398714828887587,0.835048753738096,0.7492480293901393,0.755837728018693,0.5554621549634163,0.39336777684033064,0.7430953936949736,0.9450218589247179,0.3650524732249524,0.5120241573191294,0.5498199487485065,0.506948184710854,0.1361630782669515,0.7814438626029631,0.2471244446375247,0.7823049967112556,0.18003212491528053,0.09872574841264026,0.012588351319886448,0.31162188243914024,0.4736223029071791,0.20052428497144403,0.7126386734145452,0.08481864012026696,0.6955245964957202,0.46888221840868693,0.4200500902014681,0.05370990717406987,0.9479498774224548,0.4378337756681354,0.47040119470278197,0.0013416043350701345,0.8057062127890459,0.31783068293419436,0.002039901351666984,0.8727067430489274,0.9382500035068162,0.22944759849549523,0.37373112471423153,0.6190630184032341,0.6320748687168756,0.18303722244618026,0.5072550088667267,0.5561803381882293,0.24627404157194477,0.345253321077713,0.2812219721741497,0.13379073010440856,0.3268614863639382,0.14749705574595406,0.18260930929838237,0.039065435823114614,0.8297428618808547,0.23347917311604616,0.5918122761331216,0.8889860934272295,0.15732415198427563,0.4578495761480347,0.43717645817942685,0.20017711194752374,4.724301765011198
0.8867343750988798,0.17869652032100025,0.7306055270698127,0.6169862127994477,0.6792809388553794,0.1985739592718614,0.4364816239410848,0.9042486842688464,0.7830335938028073,0.46761750065212937,0.17312418947224584,0.08894811464789165,0.8838123948490862,0.5905732869330947,0.23935275268965428,0.6448120547940546,0.5815367834250404,0.6723421789990683,0.9088019715044752,0.38767885880157804,0.21984287588821294,0.2823008882639241,0.28641356412288055,0.9219884664636118,0.30552343005376137,0.9190171950654697,0.21387307939984246,0.7207167437636665,0.030372959810061717,0.9032903073190922,0.891733246608866,0.3522871833988711,0.0376677848148631,0.7571618670179758,0.738611426349054,0.7450926568946354,0.90892699780261,0.7554270265173514,0.7215903493381177,0.033352619236904246,0.08148139102544516,0.3431609164590549,0.24559537026048683,0.7312621170662761,0.10704911679214912,0.018971592692615502,0.7857610449731798,0.05727661034500331,0.19693324547283564,0.7903787272089897,0.008525915177416743,0.5802172140903604,0.45935984363069726,0.49201276126216975,0.16435423050454723,0.2622794259430491,0.704276310003896,0.6406840892923961,0.017281459070883187,0.025267865775095988,0.42314799066886555,0.9120503026084074,0.1587579019354063,0.10529203771935536,0.16840919331836457,0.654807959426711,0.03797667553235062,0.10511836961087251,0.24223887842795688,0.8702500007920985,0.28972872613429723,0.42750252401645705,0.08337073778321713,0.3583812377400428,0.17868216154357686,0.3450797883325819,0.6256580799846393,0.2526112911938818,0.1424053923623667,0.08691684083478468,0.7725295446126864,0.00922540169401509,0.26197428609516904,0.08595678293258124,0.8830889471990949,0.297999249440163,0.802067005287026,0.6988313588323961,0.9847119589620631,0.3099014280884337,0.42052303313076,0.0007125884493808243,0.04871877605658104,0.44242541580647854,0.5672226027326229,0.016262579362086083,0.7772670421867628,0.42855632808371125,0.18951333509601598,0.8043034528300983,4.496258898916292
0.19243341481066667,0.276582208167757,0.4974954993811508,0.867010837825002,0.7094827350661451,0.5619579075049358,0.029255119734353796,0.5119306069508465,0.8865966076200907,0.13335232257286167,0.9097023859135291,0.8706324935262727,0.280273146999342,0.3802172707243504,0.43018349058118277,0.25350721689545663,0.5321108325581375,0.43877308265605863,0.46905052491501065,0.2227740584253659,0.3347551941328897,0.7092877322432335,0.8627684204273646,0.35701789258567507,0.8754842105798766,0.5275091321562713,0.5343100706032873,0.8835503096184032,0.32898059152796155,0.4187135124795527,0.5438496637720819,0.9425176804291479,0.7310446329628221,0.35161590393380304,0.4629538247486591,0.4785211437182175,0.1452912222638293,0.8762934941080288,0.3110772744746272,0.4421799793635002,0.8193685593209518,0.5492752279336104,0.13823019448463703,0.8331589607636234,0.9932234137118948,0.7805106506832757,0.35473568092052055,0.015687050205530628,0.3609793635181858,0.9199821179097475,0.0649952289377469,0.8308262075792988,0.905811663286723,0.04855043433944606,0.663837459370192,0.9569298908471305,0.518581381462799,0.1417364855480342,0.7973670498151871,0.6149869994788729,0.9421039531460714,0.3682132097053814,0.710195961249001,0.07814670002492452,0.843642182806923,0.10531682382895058,0.3617179737136087,0.7151091509359602,0.4744297388577836,0.6218624648709842,0.8163434908414098,0.0640021463033672,0.22566343488219898,0.8359869793812761,0.5064350271468755,0.6182162201174143,0.5383999405563914,0.18971822623084467,0.13478896276180763,0.681566913293254,0.3515031988508207,0.656635970362582,0.2565177503275602,0.1035122595650575,0.9251528042030055,0.39458990846928566,0.6810683637483648,0.7255255616773513,0.3575196181996718,0.9492768370963395,0.5571479899590337,0.056832877865418796,0.6011563111245791,0.12303042777359496,0.33485292208993434,0.12187722272846813,0.5355434828270164,0.6392143707623825,0.8666316957000669,0.11862434244023123,4.804103515595715
